Time,Open,High,Low,Close,Volume
2021-01-01 09:00:00,2.5906,2.5949,2.5905,2.5941,3071.86
2021-01-01 09:01:00,2.5948,2.599,2.5941,2.5986,15910.1
2021-01-01 09:02:00,2.5989,2.5993,2.5962,2.5974,6679.56
2021-01-01 09:03:00,2.5979,2.5996,2.597,2.5976,2103.31
2021-01-01 09:04:00,2.5981,2.5991,2.5975,2.5978,503.34
2021-01-01 09:05:00,2.5968,2.5968,2.5936,2.5938,3162.14
2021-01-01 09:06:00,2.5939,2.5954,2.5929,2.5938,5211.4
2021-01-01 09:07:00,2.594,2.594,2.5925,2.5935,1611.19
2021-01-01 09:08:00,2.5922,2.5926,2.5869,2.5905,13632.0
2021-01-01 09:09:00,2.5911,2.5924,2.5835,2.5858,7741.45
2021-01-01 09:10:00,2.5863,2.5888,2.5808,2.5808,9824.75
2021-01-01 09:11:00,2.5817,2.5817,2.575,2.5786,18261.42
2021-01-01 09:12:00,2.578,2.5819,2.578,2.581,12860.99
2021-01-01 09:13:00,2.58,2.5801,2.5695,2.5695,56007.83
2021-01-01 09:14:00,2.571,2.5725,2.567,2.5711,24535.87
2021-01-01 09:15:00,2.5721,2.5732,2.5678,2.5702,25146.03
2021-01-01 09:16:00,2.5716,2.5751,2.5693,2.5751,19472.33
2021-01-01 09:17:00,2.5746,2.5746,2.5713,2.5731,1493.94
2021-01-01 09:18:00,2.573,2.577,2.5728,2.577,6619.32
2021-01-01 09:19:00,2.5776,2.5787,2.5766,2.5766,2581.82
2021-01-01 09:20:00,2.5765,2.5769,2.5709,2.5717,9142.24
2021-01-01 09:21:00,2.5714,2.5761,2.5708,2.5761,1165.01
2021-01-01 09:22:00,2.5761,2.5762,2.5759,2.5759,1497.55
2021-01-01 09:23:00,2.5763,2.5806,2.5763,2.5806,3974.97
2021-01-01 09:24:00,2.5806,2.5814,2.5794,2.5814,1340.74
2021-01-01 09:25:00,2.5814,2.5821,2.5807,2.5821,2461.21
2021-01-01 09:26:00,2.5821,2.5821,2.5755,2.5768,6553.04
2021-01-01 09:27:00,2.5772,2.5777,2.5737,2.5758,6852.59
2021-01-01 09:28:00,2.5762,2.5764,2.5748,2.5749,1087.93
2021-01-01 09:29:00,2.5748,2.5768,2.5745,2.5767,4453.71
2021-01-01 09:30:00,2.5763,2.583,2.5762,2.583,8525.8
2021-01-01 09:31:00,2.5831,2.5839,2.581,2.581,4503.12
2021-01-01 09:32:00,2.5809,2.5809,2.58,2.5806,2611.59
2021-01-01 09:33:00,2.5808,2.5818,2.5808,2.5818,1301.0
2021-01-01 09:34:00,2.5822,2.5822,2.5795,2.5807,3268.99
2021-01-01 09:35:00,2.5807,2.585,2.5807,2.585,5208.2
2021-01-01 09:36:00,2.5846,2.5848,2.5837,2.5848,1834.34
2021-01-01 09:37:00,2.5839,2.5847,2.5835,2.5837,1706.19
2021-01-01 09:38:00,2.5843,2.5883,2.5843,2.5883,2616.34
2021-01-01 09:39:00,2.5887,2.5909,2.5886,2.59,768.63
2021-01-01 09:40:00,2.5899,2.5919,2.5899,2.5918,266.32
2021-01-01 09:41:00,2.5919,2.5925,2.5875,2.5882,5582.33
2021-01-01 09:42:00,2.5877,2.59,2.5877,2.5889,4116.72
2021-01-01 09:43:00,2.5894,2.5894,2.5894,2.5894,38.61
2021-01-01 09:44:00,2.5894,2.5902,2.5887,2.5901,1860.43
2021-01-01 09:45:00,2.5897,2.5897,2.5873,2.5889,2208.17
2021-01-01 09:46:00,2.5903,2.5903,2.5897,2.5902,84.34
2021-01-01 09:47:00,2.5912,2.5988,2.5907,2.5979,49759.12
2021-01-01 09:48:00,2.5984,2.5996,2.598,2.5982,1447.05
2021-01-01 09:49:00,2.5991,2.5994,2.5989,2.5991,206.63
2021-01-01 09:50:00,2.5991,2.6023,2.5987,2.6006,11459.73
2021-01-01 09:51:00,2.6011,2.602,2.6006,2.602,380.98
2021-01-01 09:52:00,2.6016,2.606,2.6015,2.6053,4986.67
2021-01-01 09:53:00,2.6054,2.6091,2.6053,2.6076,15583.81
2021-01-01 09:54:00,2.6077,2.6089,2.6028,2.604,17491.52
2021-01-01 09:55:00,2.6041,2.6054,2.6031,2.604,3000.0
2021-01-01 09:56:00,2.6041,2.6057,2.603,2.6057,5530.92
2021-01-01 09:57:00,2.6054,2.6091,2.6047,2.6048,11538.35
2021-01-01 09:58:00,2.6048,2.6048,2.6019,2.6029,3082.04
2021-01-01 09:59:00,2.6022,2.6027,2.6009,2.6025,613.1
2021-01-01 10:00:00,2.6032,2.6099,2.6028,2.6099,15785.29
2021-01-01 10:01:00,2.6099,2.6099,2.6065,2.607,5197.47
2021-01-01 10:02:00,2.6067,2.6094,2.6065,2.6077,12061.18
2021-01-01 10:03:00,2.6085,2.6093,2.6077,2.6085,4985.83
2021-01-01 10:04:00,2.609,2.6118,2.6085,2.6099,7938.28
2021-01-01 10:05:00,2.6106,2.6154,2.6095,2.6138,19504.98
2021-01-01 10:06:00,2.6137,2.6137,2.6107,2.6129,6701.14
2021-01-01 10:07:00,2.6128,2.6156,2.6119,2.6145,11357.53
2021-01-01 10:08:00,2.6142,2.6163,2.6136,2.6162,4279.18
2021-01-01 10:09:00,2.6166,2.6187,2.6154,2.6169,1789.31
2021-01-01 10:10:00,2.6164,2.619,2.616,2.6171,8424.3
2021-01-01 10:11:00,2.6172,2.619,2.6146,2.6154,8986.3
2021-01-01 10:12:00,2.6142,2.615,2.6072,2.6087,11634.77
2021-01-01 10:13:00,2.6076,2.6088,2.6014,2.607,14861.47
2021-01-01 10:14:00,2.6072,2.6113,2.604,2.6112,20713.06
2021-01-01 10:15:00,2.6116,2.614,2.6085,2.614,10827.32
2021-01-01 10:16:00,2.6133,2.6152,2.6118,2.6147,11253.38
2021-01-01 10:17:00,2.6143,2.6166,2.6114,2.6152,6794.61
2021-01-01 10:18:00,2.6138,2.6153,2.6104,2.6153,9576.11
2021-01-01 10:19:00,2.6154,2.6158,2.6126,2.6126,6943.86
2021-01-01 10:20:00,2.6111,2.6138,2.6094,2.613,12653.82
2021-01-01 10:21:00,2.6121,2.6121,2.6092,2.6108,2952.34
2021-01-01 10:22:00,2.6102,2.6102,2.6069,2.6084,10164.7
2021-01-01 10:23:00,2.6093,2.6124,2.6068,2.6117,5397.01
2021-01-01 10:24:00,2.6118,2.6176,2.6118,2.6155,17679.27
2021-01-01 10:25:00,2.615,2.6199,2.6134,2.6197,5961.52
2021-01-01 10:26:00,2.6198,2.6208,2.6183,2.6193,6538.75
2021-01-01 10:27:00,2.6193,2.6217,2.6183,2.619,7103.97
2021-01-01 10:28:00,2.6185,2.6203,2.618,2.6203,3189.91
2021-01-01 10:29:00,2.6197,2.6273,2.619,2.6214,36432.55
2021-01-01 10:30:00,2.6215,2.6249,2.6211,2.6221,10134.2
2021-01-01 10:31:00,2.6226,2.6226,2.6128,2.6139,15076.54
2021-01-01 10:32:00,2.6139,2.6167,2.6139,2.6151,9449.15
2021-01-01 10:33:00,2.6157,2.6157,2.6122,2.6122,1227.35
2021-01-01 10:34:00,2.612,2.6162,2.6117,2.6149,4120.46
2021-01-01 10:35:00,2.6144,2.6155,2.6134,2.6144,2251.15
2021-01-01 10:36:00,2.6158,2.6231,2.6158,2.6217,19017.38
2021-01-01 10:37:00,2.6215,2.6244,2.6206,2.622,4094.92
2021-01-01 10:38:00,2.6218,2.6244,2.6209,2.6244,4053.9
2021-01-01 10:39:00,2.6251,2.6259,2.6206,2.6238,15058.48
2021-01-01 10:40:00,2.6241,2.6289,2.6233,2.6241,25849.69
2021-01-01 10:41:00,2.6244,2.6288,2.6207,2.6272,9217.78
2021-01-01 10:42:00,2.6278,2.6278,2.6254,2.6276,3524.6
2021-01-01 10:43:00,2.6267,2.63,2.6267,2.63,8582.34
2021-01-01 10:44:00,2.6297,2.63,2.6222,2.6248,7551.21
2021-01-01 10:45:00,2.6244,2.6301,2.6231,2.6276,11941.54
2021-01-01 10:46:00,2.6279,2.6293,2.6271,2.6293,3545.69
2021-01-01 10:47:00,2.6293,2.6301,2.628,2.6283,6629.53
2021-01-01 10:48:00,2.6287,2.6287,2.6284,2.6287,173.08
2021-01-01 10:49:00,2.6288,2.6306,2.6282,2.6287,9364.91
2021-01-01 10:50:00,2.6279,2.6311,2.6279,2.6295,3481.35
2021-01-01 10:51:00,2.6303,2.6303,2.6277,2.6277,12910.76
2021-01-01 10:52:00,2.6284,2.6289,2.6271,2.6274,4086.66
2021-01-01 10:53:00,2.6278,2.6292,2.6278,2.6279,998.15
2021-01-01 10:54:00,2.6289,2.629,2.6279,2.6284,817.32
2021-01-01 10:55:00,2.629,2.6298,2.6269,2.6269,15895.93
2021-01-01 10:56:00,2.6271,2.6275,2.6268,2.6275,934.77
2021-01-01 10:57:00,2.6281,2.631,2.6276,2.6298,8488.07
2021-01-01 10:58:00,2.6303,2.635,2.63,2.6323,17681.91
2021-01-01 10:59:00,2.6332,2.6344,2.6318,2.6319,2557.15
2021-01-01 11:00:00,2.6329,2.6363,2.6329,2.635,3987.02
2021-01-01 11:01:00,2.6346,2.6349,2.6313,2.6321,17950.12
2021-01-01 11:02:00,2.6329,2.6329,2.6287,2.6289,3140.13
2021-01-01 11:03:00,2.629,2.6305,2.6228,2.623,11681.31
2021-01-01 11:04:00,2.6236,2.6236,2.6227,2.6233,1430.11
2021-01-01 11:05:00,2.6235,2.6258,2.6231,2.6258,1811.83
2021-01-01 11:06:00,2.6258,2.627,2.6248,2.627,3477.74
2021-01-01 11:07:00,2.6262,2.6277,2.6262,2.6266,2906.41
2021-01-01 11:08:00,2.6261,2.6274,2.6251,2.6274,6294.37
2021-01-01 11:09:00,2.6271,2.6281,2.6271,2.6281,1612.5
2021-01-01 11:10:00,2.628,2.6326,2.6275,2.6324,4537.61
2021-01-01 11:11:00,2.6324,2.6324,2.6284,2.6284,4679.17
2021-01-01 11:12:00,2.6287,2.6293,2.6281,2.6293,1228.32
2021-01-01 11:13:00,2.6295,2.6295,2.6274,2.6282,1660.17
2021-01-01 11:14:00,2.6281,2.6281,2.6259,2.6265,3010.93
2021-01-01 11:15:00,2.6264,2.6272,2.6262,2.6262,458.94
2021-01-01 11:16:00,2.6268,2.6275,2.6265,2.6265,971.09
2021-01-01 11:17:00,2.6251,2.6267,2.6251,2.6265,558.16
2021-01-01 11:18:00,2.6275,2.6281,2.6273,2.6274,840.43
2021-01-01 11:19:00,2.6275,2.6276,2.626,2.626,760.28
2021-01-01 11:20:00,2.626,2.6267,2.6252,2.6263,20287.48
2021-01-01 11:21:00,2.626,2.6273,2.6259,2.6264,2817.97
2021-01-01 11:22:00,2.6264,2.6278,2.6264,2.6267,1181.61
2021-01-01 11:23:00,2.6271,2.629,2.6266,2.629,24602.74
2021-01-01 11:24:00,2.629,2.631,2.629,2.6303,2636.22
2021-01-01 11:25:00,2.6303,2.6303,2.6284,2.6284,4133.81
2021-01-01 11:26:00,2.6281,2.63,2.6279,2.6286,1524.44
2021-01-01 11:27:00,2.6286,2.6297,2.6271,2.6275,8029.46
2021-01-01 11:28:00,2.6271,2.6286,2.6264,2.6279,1932.93
2021-01-01 11:29:00,2.6277,2.628,2.6258,2.6258,5279.64
2021-01-01 11:30:00,2.6253,2.6253,2.6192,2.6198,11505.74
2021-01-01 11:31:00,2.6196,2.6196,2.6131,2.6159,22329.09
2021-01-01 11:32:00,2.6159,2.6196,2.6122,2.6144,25500.21
2021-01-01 11:33:00,2.6142,2.6158,2.6132,2.615,3307.84
2021-01-01 11:34:00,2.6148,2.6148,2.6116,2.6145,4641.91
2021-01-01 11:35:00,2.6142,2.6199,2.6141,2.6177,14155.94
2021-01-01 11:36:00,2.6177,2.6178,2.6156,2.6171,3829.67
2021-01-01 11:37:00,2.6172,2.6208,2.6166,2.6198,3621.76
2021-01-01 11:38:00,2.6202,2.621,2.6187,2.6187,543.33
2021-01-01 11:39:00,2.6182,2.6195,2.6166,2.6195,1662.79
2021-01-01 11:40:00,2.6195,2.6209,2.6187,2.6189,1946.47
2021-01-01 11:41:00,2.6191,2.6192,2.6145,2.6176,2987.97
2021-01-01 11:42:00,2.6183,2.6217,2.6178,2.6197,1962.27
2021-01-01 11:43:00,2.62,2.6226,2.6193,2.6224,2114.59
2021-01-01 11:44:00,2.622,2.623,2.6213,2.6213,1314.93
2021-01-01 11:45:00,2.6215,2.6229,2.6206,2.6221,1262.15
2021-01-01 11:46:00,2.6215,2.6223,2.6168,2.6189,12445.31
2021-01-01 11:47:00,2.6182,2.6183,2.615,2.6173,14433.16
2021-01-01 11:48:00,2.6178,2.6197,2.6162,2.6194,5274.47
2021-01-01 11:49:00,2.6206,2.6243,2.6203,2.6238,2633.51
2021-01-01 11:50:00,2.624,2.6266,2.624,2.6252,14957.03
2021-01-01 11:51:00,2.6252,2.6255,2.6225,2.6235,2364.95
2021-01-01 11:52:00,2.6224,2.6254,2.6221,2.6243,4125.57
2021-01-01 11:53:00,2.624,2.6243,2.623,2.6233,3949.35
2021-01-01 11:54:00,2.623,2.6236,2.6217,2.6217,2988.55
2021-01-01 11:55:00,2.6217,2.628,2.6214,2.6269,16753.05
2021-01-01 11:56:00,2.6267,2.6269,2.6249,2.6253,2098.34
2021-01-01 11:57:00,2.6252,2.6312,2.625,2.6286,30744.5
2021-01-01 11:58:00,2.6294,2.63,2.6268,2.6284,6557.99
2021-01-01 11:59:00,2.6291,2.6338,2.6291,2.631,13206.42
2021-01-01 12:00:00,2.631,2.6337,2.631,2.6334,10307.67
2021-01-01 12:01:00,2.6336,2.6341,2.6308,2.6319,9714.62
2021-01-01 12:02:00,2.6312,2.6312,2.6294,2.63,5744.45
2021-01-01 12:03:00,2.6299,2.6335,2.6299,2.6305,13742.55
2021-01-01 12:04:00,2.6306,2.6312,2.6303,2.631,1316.83
2021-01-01 12:05:00,2.6309,2.6319,2.6306,2.6315,1684.17
2021-01-01 12:06:00,2.6317,2.6334,2.6317,2.6319,381.16
2021-01-01 12:07:00,2.6318,2.6318,2.6298,2.6301,2950.9
2021-01-01 12:08:00,2.6301,2.6304,2.6292,2.6297,1617.88
2021-01-01 12:09:00,2.6309,2.6405,2.6309,2.6395,50725.18
2021-01-01 12:10:00,2.639,2.6411,2.6375,2.6409,10583.08
2021-01-01 12:11:00,2.6409,2.6412,2.6391,2.6391,7108.79
2021-01-01 12:12:00,2.6389,2.6394,2.6367,2.639,6575.56
2021-01-01 12:13:00,2.6382,2.6383,2.6369,2.637,4557.76
2021-01-01 12:14:00,2.6368,2.6368,2.633,2.6347,8148.91
2021-01-01 12:15:00,2.634,2.6383,2.6338,2.6383,6035.72
2021-01-01 12:16:00,2.6383,2.6387,2.6363,2.6372,8605.79
2021-01-01 12:17:00,2.6364,2.6381,2.6363,2.637,1048.07
2021-01-01 12:18:00,2.637,2.6387,2.637,2.637,1658.07
2021-01-01 12:19:00,2.6381,2.6387,2.6381,2.6381,1336.19
2021-01-01 12:20:00,2.6384,2.6385,2.6374,2.6374,1205.34
2021-01-01 12:21:00,2.6377,2.6387,2.6374,2.6376,4353.04
2021-01-01 12:22:00,2.6367,2.6382,2.6359,2.6362,5004.73
2021-01-01 12:23:00,2.6352,2.6356,2.6319,2.6325,10701.87
2021-01-01 12:24:00,2.6324,2.6348,2.6324,2.6339,1875.96
2021-01-01 12:25:00,2.6344,2.6366,2.6344,2.6345,4322.0
2021-01-01 12:26:00,2.6344,2.6363,2.633,2.633,2036.07
2021-01-01 12:27:00,2.6336,2.6355,2.6336,2.6355,5959.49
2021-01-01 12:28:00,2.6341,2.635,2.6335,2.635,2252.55
2021-01-01 12:29:00,2.6343,2.6346,2.6338,2.6346,134.86
2021-01-01 12:30:00,2.6346,2.6346,2.633,2.633,1604.89
2021-01-01 12:31:00,2.634,2.6345,2.634,2.6343,1463.64
2021-01-01 12:32:00,2.6343,2.6347,2.634,2.6347,1762.8
2021-01-01 12:33:00,2.635,2.6357,2.6349,2.6355,305.34
2021-01-01 12:34:00,2.6351,2.6351,2.6326,2.633,1558.48
2021-01-01 12:35:00,2.634,2.6343,2.634,2.6342,1356.6
2021-01-01 12:36:00,2.6344,2.6376,2.6344,2.6367,4526.45
2021-01-01 12:37:00,2.6368,2.6375,2.6364,2.6367,992.91
2021-01-01 12:38:00,2.6361,2.6361,2.6354,2.6354,520.92
2021-01-01 12:39:00,2.636,2.6361,2.6354,2.6361,519.53
2021-01-01 12:40:00,2.6363,2.6385,2.6363,2.6385,2206.58
2021-01-01 12:41:00,2.6383,2.6388,2.6363,2.6363,1636.14
2021-01-01 12:42:00,2.6358,2.6358,2.635,2.635,319.87
2021-01-01 12:43:00,2.6355,2.6366,2.6347,2.6347,2373.06
2021-01-01 12:44:00,2.635,2.6361,2.6341,2.6359,882.8
2021-01-01 12:45:00,2.6358,2.638,2.6357,2.638,11206.14
2021-01-01 12:46:00,2.6382,2.6493,2.6352,2.6359,71988.86
2021-01-01 12:47:00,2.6351,2.6424,2.6325,2.6423,21211.35
2021-01-01 12:48:00,2.6414,2.6491,2.6386,2.6451,38612.37
2021-01-01 12:49:00,2.6447,2.6447,2.6392,2.6392,10612.72
2021-01-01 12:50:00,2.639,2.6417,2.6377,2.6387,13282.15
2021-01-01 12:51:00,2.6382,2.6382,2.6351,2.6352,5019.03
2021-01-01 12:52:00,2.6355,2.6356,2.6324,2.6326,9680.38
2021-01-01 12:53:00,2.6329,2.6364,2.6329,2.6363,6246.67
2021-01-01 12:54:00,2.6353,2.6356,2.6337,2.6356,2910.4
2021-01-01 12:55:00,2.6353,2.6354,2.6342,2.6342,1292.57
2021-01-01 12:56:00,2.6341,2.6349,2.6341,2.6342,2351.97
2021-01-01 12:57:00,2.6342,2.6344,2.6336,2.6344,1982.58
2021-01-01 12:58:00,2.6346,2.6349,2.6336,2.6349,3437.22
2021-01-01 12:59:00,2.6349,2.6355,2.6348,2.6353,2277.75
2021-01-01 13:00:00,2.6353,2.6391,2.6353,2.6375,5985.6
2021-01-01 13:01:00,2.6375,2.6385,2.6362,2.6376,863.94
2021-01-01 13:02:00,2.6362,2.6369,2.6356,2.6356,1319.35
2021-01-01 13:03:00,2.6356,2.6367,2.6356,2.6364,1964.42
2021-01-01 13:04:00,2.6365,2.6365,2.6358,2.6358,53.05
2021-01-01 13:05:00,2.6357,2.6357,2.6339,2.6339,168.52
2021-01-01 13:06:00,2.6348,2.637,2.6348,2.6368,2151.14
2021-01-01 13:07:00,2.6359,2.6399,2.6344,2.6392,4629.59
2021-01-01 13:08:00,2.6396,2.6465,2.6396,2.6436,6394.04
2021-01-01 13:09:00,2.6432,2.6433,2.6414,2.6415,5331.8
2021-01-01 13:10:00,2.6415,2.6425,2.637,2.637,1549.99
2021-01-01 13:11:00,2.6382,2.6395,2.6381,2.6386,3906.52
2021-01-01 13:12:00,2.6385,2.6386,2.6377,2.6377,2375.5
2021-01-01 13:13:00,2.6377,2.6379,2.637,2.6377,2244.95
2021-01-01 13:14:00,2.6371,2.6379,2.6359,2.6359,10203.99
2021-01-01 13:15:00,2.6359,2.637,2.6348,2.6368,6484.94
2021-01-01 13:16:00,2.638,2.6431,2.6379,2.6428,6899.01
2021-01-01 13:17:00,2.6428,2.6473,2.6417,2.6459,5464.33
2021-01-01 13:18:00,2.6461,2.6463,2.6441,2.6444,10267.79
2021-01-01 13:19:00,2.6438,2.648,2.6436,2.647,4142.98
2021-01-01 13:20:00,2.6471,2.6493,2.6468,2.6473,5836.01
2021-01-01 13:21:00,2.6481,2.6539,2.6477,2.6526,33717.62
2021-01-01 13:22:00,2.6533,2.6563,2.6526,2.655,16334.84
2021-01-01 13:23:00,2.6552,2.6558,2.6521,2.6521,30986.38
2021-01-01 13:24:00,2.6524,2.6542,2.6508,2.6523,3459.71
2021-01-01 13:25:00,2.6516,2.6554,2.6495,2.6554,23409.33
2021-01-01 13:26:00,2.6554,2.6608,2.6554,2.6569,19712.53
2021-01-01 13:27:00,2.6574,2.6619,2.6574,2.6596,5903.3
2021-01-01 13:28:00,2.6596,2.6634,2.6595,2.6634,8647.91
2021-01-01 13:29:00,2.6632,2.6672,2.663,2.6643,15700.73
2021-01-01 13:30:00,2.6648,2.6693,2.6619,2.6638,24952.55
2021-01-01 13:31:00,2.6639,2.6648,2.6521,2.6538,11616.37
2021-01-01 13:32:00,2.6538,2.6579,2.6521,2.6578,14639.28
2021-01-01 13:33:00,2.6574,2.6603,2.6518,2.6518,60313.55
2021-01-01 13:34:00,2.6515,2.6547,2.6468,2.6482,34852.62
2021-01-01 13:35:00,2.6484,2.6518,2.6467,2.6503,14750.92
2021-01-01 13:36:00,2.65,2.6503,2.6456,2.6456,3370.28
2021-01-01 13:37:00,2.6455,2.6461,2.6423,2.6454,14910.03
2021-01-01 13:38:00,2.6454,2.6454,2.6424,2.6433,14158.51
2021-01-01 13:39:00,2.6437,2.6442,2.6418,2.6429,28003.01
2021-01-01 13:40:00,2.6434,2.6444,2.6386,2.6386,11693.06
2021-01-01 13:41:00,2.6389,2.6405,2.635,2.6365,8062.64
2021-01-01 13:42:00,2.635,2.6421,2.63,2.6421,26740.88
2021-01-01 13:43:00,2.6421,2.6433,2.6384,2.6401,9003.13
2021-01-01 13:44:00,2.6392,2.6392,2.6339,2.637,12775.1
2021-01-01 13:45:00,2.6369,2.6394,2.6365,2.6381,11700.94
2021-01-01 13:46:00,2.6382,2.6418,2.6382,2.6403,2584.86
2021-01-01 13:47:00,2.6411,2.6435,2.6411,2.6435,1001.25
2021-01-01 13:48:00,2.6435,2.6473,2.6424,2.6473,5570.54
2021-01-01 13:49:00,2.6467,2.6474,2.6421,2.6423,3581.49
2021-01-01 13:50:00,2.6438,2.6438,2.6412,2.6412,1705.96
2021-01-01 13:51:00,2.6418,2.6418,2.6381,2.6381,5471.13
2021-01-01 13:52:00,2.638,2.638,2.6377,2.6378,250.84
2021-01-01 13:53:00,2.6376,2.6392,2.6373,2.6377,6480.33
2021-01-01 13:54:00,2.6375,2.6376,2.6355,2.6355,5916.12
2021-01-01 13:55:00,2.6343,2.6343,2.6315,2.6323,6450.65
2021-01-01 13:56:00,2.6321,2.6331,2.63,2.6302,4869.0
2021-01-01 13:57:00,2.63,2.6349,2.6294,2.6349,2541.16
2021-01-01 13:58:00,2.6348,2.6399,2.6348,2.6398,3847.06
2021-01-01 13:59:00,2.6385,2.6386,2.6373,2.6386,1427.22
2021-01-01 14:00:00,2.639,2.64,2.6376,2.6382,4257.02
2021-01-01 14:01:00,2.6396,2.6397,2.6349,2.6349,3166.38
2021-01-01 14:02:00,2.6348,2.6358,2.6335,2.6348,11384.97
2021-01-01 14:03:00,2.6341,2.6341,2.6328,2.6334,1407.62
2021-01-01 14:04:00,2.6326,2.6353,2.6326,2.6347,6274.74
2021-01-01 14:05:00,2.6345,2.6349,2.634,2.634,516.37
2021-01-01 14:06:00,2.6341,2.6357,2.6341,2.6356,5543.06
2021-01-01 14:07:00,2.6356,2.6356,2.6344,2.6348,3019.8
2021-01-01 14:08:00,2.6348,2.6348,2.6323,2.6331,1993.89
2021-01-01 14:09:00,2.6332,2.6334,2.6287,2.6296,16020.36
2021-01-01 14:10:00,2.6286,2.6296,2.6276,2.628,7539.39
2021-01-01 14:11:00,2.6282,2.6284,2.6261,2.6279,3939.72
2021-01-01 14:12:00,2.6297,2.6301,2.6271,2.6271,11610.97
2021-01-01 14:13:00,2.6273,2.6277,2.6265,2.6273,4548.97
2021-01-01 14:14:00,2.6273,2.6316,2.6273,2.6316,8123.48
2021-01-01 14:15:00,2.6324,2.6326,2.6312,2.6326,1719.07
2021-01-01 14:16:00,2.6322,2.6323,2.6289,2.6308,8004.88
2021-01-01 14:17:00,2.6302,2.6303,2.6289,2.6301,4503.6
2021-01-01 14:18:00,2.6298,2.6298,2.6289,2.6292,364.03
2021-01-01 14:19:00,2.6301,2.6311,2.6301,2.6309,2584.79
2021-01-01 14:20:00,2.6309,2.6309,2.6286,2.6286,3730.26
2021-01-01 14:21:00,2.6287,2.6301,2.6285,2.6294,3950.88
2021-01-01 14:22:00,2.63,2.6322,2.63,2.6315,4031.76
2021-01-01 14:23:00,2.6322,2.6333,2.6318,2.6323,3554.85
2021-01-01 14:24:00,2.6319,2.6325,2.6299,2.6304,2598.29
2021-01-01 14:25:00,2.6306,2.6318,2.6306,2.6312,159.22
2021-01-01 14:26:00,2.6316,2.6316,2.6316,2.6316,140.0
2021-01-01 14:27:00,2.6314,2.6314,2.6287,2.629,608.91
2021-01-01 14:28:00,2.629,2.6325,2.6285,2.6325,4303.83
2021-01-01 14:29:00,2.6324,2.6324,2.6299,2.6313,3135.57
2021-01-01 14:30:00,2.6305,2.632,2.6298,2.6316,1318.11
2021-01-01 14:31:00,2.6321,2.6356,2.6321,2.6351,22180.1
2021-01-01 14:32:00,2.6351,2.6351,2.631,2.6312,5354.21
2021-01-01 14:33:00,2.6313,2.6313,2.6263,2.6263,2271.22
2021-01-01 14:34:00,2.6263,2.6282,2.6263,2.6282,4120.81
2021-01-01 14:35:00,2.6284,2.6284,2.6256,2.6259,4010.61
2021-01-01 14:36:00,2.6257,2.6259,2.6251,2.6252,1142.97
2021-01-01 14:37:00,2.6251,2.6259,2.625,2.6256,899.89
2021-01-01 14:38:00,2.6258,2.6259,2.6253,2.6259,292.11
2021-01-01 14:39:00,2.6259,2.6259,2.6256,2.6256,99.85
2021-01-01 14:40:00,2.6253,2.6253,2.6243,2.6247,4629.59
2021-01-01 14:41:00,2.6245,2.6245,2.6204,2.6233,11611.08
2021-01-01 14:42:00,2.6233,2.6258,2.6233,2.6258,3125.69
2021-01-01 14:43:00,2.6254,2.6268,2.625,2.6262,3262.31
2021-01-01 14:44:00,2.6262,2.6268,2.6258,2.6258,181.43
2021-01-01 14:45:00,2.6262,2.6274,2.6262,2.6274,253.74
2021-01-01 14:46:00,2.6276,2.629,2.6276,2.6281,296.91
2021-01-01 14:47:00,2.6278,2.6285,2.6276,2.6285,473.43
2021-01-01 14:48:00,2.6285,2.6306,2.6285,2.6306,2304.15
2021-01-01 14:49:00,2.6304,2.6304,2.6295,2.6295,2333.46
2021-01-01 14:50:00,2.6296,2.6296,2.6257,2.6257,5488.16
2021-01-01 14:51:00,2.6262,2.6262,2.6229,2.6239,1506.69
2021-01-01 14:52:00,2.6238,2.6239,2.6236,2.6236,101.08
2021-01-01 14:53:00,2.6239,2.6249,2.6223,2.6233,23468.62
2021-01-01 14:54:00,2.6233,2.6243,2.6232,2.6243,9543.89
2021-01-01 14:55:00,2.6251,2.6254,2.6245,2.6254,431.27
2021-01-01 14:56:00,2.6253,2.6262,2.6241,2.6241,26117.44
2021-01-01 14:57:00,2.6245,2.6277,2.6245,2.6272,5187.3
2021-01-01 14:58:00,2.6273,2.6277,2.6273,2.6277,1278.93
2021-01-01 14:59:00,2.6276,2.6284,2.6275,2.6277,479.04
2021-01-01 15:00:00,2.629,2.63,2.629,2.6292,1395.58
2021-01-01 15:01:00,2.6294,2.6308,2.6293,2.6308,1562.36
2021-01-01 15:02:00,2.6308,2.6308,2.6304,2.6307,460.54
2021-01-01 15:03:00,2.6305,2.6321,2.6305,2.632,7549.29
2021-01-01 15:04:00,2.6322,2.6324,2.6312,2.6324,5646.94
2021-01-01 15:05:00,2.6326,2.6353,2.6322,2.6336,4317.67
2021-01-01 15:06:00,2.6337,2.6338,2.6319,2.632,4937.02
2021-01-01 15:07:00,2.6324,2.6324,2.6304,2.6307,3937.58
2021-01-01 15:08:00,2.6317,2.6319,2.6297,2.63,849.59
2021-01-01 15:09:00,2.6297,2.6362,2.6297,2.6335,32066.91
2021-01-01 15:10:00,2.6347,2.6362,2.6318,2.6318,7374.15
2021-01-01 15:11:00,2.6323,2.6351,2.6302,2.6302,4405.75
2021-01-01 15:12:00,2.6303,2.6351,2.6303,2.6346,7532.09
2021-01-01 15:13:00,2.6356,2.6364,2.6317,2.6324,4275.09
2021-01-01 15:14:00,2.6336,2.6338,2.6324,2.6329,569.96
2021-01-01 15:15:00,2.6344,2.6352,2.6328,2.6328,1509.43
2021-01-01 15:16:00,2.6332,2.6344,2.6329,2.6341,2888.1
2021-01-01 15:17:00,2.6343,2.6351,2.6334,2.6338,2999.32
2021-01-01 15:18:00,2.6341,2.6353,2.6341,2.6353,1084.69
2021-01-01 15:19:00,2.6352,2.6352,2.6311,2.6316,15228.62
2021-01-01 15:20:00,2.6325,2.6349,2.6311,2.6311,7515.17
2021-01-01 15:21:00,2.631,2.631,2.6291,2.6291,2189.65
2021-01-01 15:22:00,2.6288,2.6297,2.6246,2.6248,4123.59
2021-01-01 15:23:00,2.6246,2.6247,2.6187,2.6219,24002.56
2021-01-01 15:24:00,2.622,2.6269,2.622,2.6259,7957.89
2021-01-01 15:25:00,2.6263,2.6267,2.6199,2.6232,6707.53
2021-01-01 15:26:00,2.624,2.624,2.6197,2.621,1755.7
2021-01-01 15:27:00,2.6212,2.6218,2.6198,2.6209,1209.57
2021-01-01 15:28:00,2.6208,2.6208,2.6192,2.6205,1165.82
2021-01-01 15:29:00,2.62,2.6207,2.6188,2.6194,4799.99
2021-01-01 15:30:00,2.6199,2.6218,2.6199,2.6213,2205.53
2021-01-01 15:31:00,2.621,2.6216,2.6191,2.6198,3378.5
2021-01-01 15:32:00,2.6192,2.6192,2.6153,2.6156,9630.65
2021-01-01 15:33:00,2.6151,2.6156,2.6118,2.613,4544.47
2021-01-01 15:34:00,2.6125,2.6159,2.6119,2.6159,9620.11
2021-01-01 15:35:00,2.6169,2.6189,2.6169,2.6182,2205.96
2021-01-01 15:36:00,2.6189,2.619,2.6186,2.6186,120.62
2021-01-01 15:37:00,2.6188,2.6188,2.6168,2.6177,5402.28
2021-01-01 15:38:00,2.6167,2.6168,2.6156,2.6165,918.77
2021-01-01 15:39:00,2.6166,2.6166,2.616,2.6163,1077.56
2021-01-01 15:40:00,2.6166,2.6195,2.6166,2.6175,4129.63
2021-01-01 15:41:00,2.6171,2.6174,2.6159,2.6163,789.58
2021-01-01 15:42:00,2.616,2.6166,2.6144,2.6161,9135.5
2021-01-01 15:43:00,2.6158,2.6158,2.6137,2.6154,540.27
2021-01-01 15:44:00,2.6162,2.6193,2.6162,2.6184,3215.79
2021-01-01 15:45:00,2.6184,2.6184,2.6184,2.6184,0.0
2021-01-01 15:46:00,2.619,2.6192,2.6185,2.6187,102.22
2021-01-01 15:47:00,2.6177,2.6177,2.6177,2.6177,43.95
2021-01-01 15:48:00,2.6177,2.6177,2.6177,2.6177,0.0
2021-01-01 15:49:00,2.6183,2.6183,2.6163,2.6163,96.63
2021-01-01 15:50:00,2.6163,2.6168,2.6155,2.6155,955.92
2021-01-01 15:51:00,2.6163,2.6164,2.6163,2.6164,249.82
2021-01-01 15:52:00,2.6172,2.6192,2.6171,2.6192,2484.97
2021-01-01 15:53:00,2.6192,2.6216,2.6192,2.6216,5686.9
2021-01-01 15:54:00,2.6213,2.6214,2.617,2.6176,10496.46
2021-01-01 15:55:00,2.6175,2.6175,2.6168,2.6171,183.54
2021-01-01 15:56:00,2.617,2.6177,2.617,2.6171,76.63
2021-01-01 15:57:00,2.6176,2.6197,2.6176,2.6197,1858.83
2021-01-01 15:58:00,2.62,2.6218,2.62,2.6218,641.24
2021-01-01 15:59:00,2.6212,2.6214,2.6211,2.6214,266.78
2021-01-01 16:00:00,2.6227,2.6242,2.6215,2.623,1442.84
2021-01-01 16:01:00,2.623,2.623,2.6215,2.622,1085.81
2021-01-01 16:02:00,2.622,2.6227,2.622,2.6224,273.01
2021-01-01 16:03:00,2.6228,2.6228,2.6218,2.6218,170.63
2021-01-01 16:04:00,2.6219,2.6226,2.6218,2.6223,1514.73
2021-01-01 16:05:00,2.6221,2.6221,2.6195,2.6195,1209.95
2021-01-01 16:06:00,2.6191,2.6191,2.6174,2.618,2193.1
2021-01-01 16:07:00,2.6187,2.619,2.6164,2.6173,3795.52
2021-01-01 16:08:00,2.6178,2.6179,2.6101,2.6143,25054.72
2021-01-01 16:09:00,2.615,2.6151,2.6113,2.6128,2760.37
2021-01-01 16:10:00,2.612,2.612,2.5962,2.6033,48860.12
2021-01-01 16:11:00,2.603,2.6084,2.6025,2.6073,10870.7
2021-01-01 16:12:00,2.6073,2.6097,2.6043,2.6049,5638.61
2021-01-01 16:13:00,2.6053,2.6075,2.6053,2.6075,3397.0
2021-01-01 16:14:00,2.6079,2.6085,2.6014,2.6055,5787.57
2021-01-01 16:15:00,2.6055,2.6079,2.6048,2.6074,2612.98
2021-01-01 16:16:00,2.6073,2.6089,2.6059,2.6067,5235.77
2021-01-01 16:17:00,2.6067,2.6155,2.6067,2.6154,9467.74
2021-01-01 16:18:00,2.6152,2.6181,2.6152,2.617,3822.89
2021-01-01 16:19:00,2.6176,2.6188,2.6146,2.6184,4604.15
2021-01-01 16:20:00,2.6185,2.6187,2.6151,2.6171,3484.16
2021-01-01 16:21:00,2.6163,2.6164,2.614,2.6144,2049.26
2021-01-01 16:22:00,2.6141,2.6143,2.6137,2.6139,606.9
2021-01-01 16:23:00,2.6137,2.6163,2.6136,2.616,3907.32
2021-01-01 16:24:00,2.6161,2.6198,2.6161,2.6182,2608.4
2021-01-01 16:25:00,2.6177,2.6195,2.6168,2.6195,1233.24
2021-01-01 16:26:00,2.6189,2.6196,2.6183,2.6183,1522.03
2021-01-01 16:27:00,2.6175,2.6175,2.6129,2.6129,15083.72
2021-01-01 16:28:00,2.613,2.6173,2.6119,2.6167,5454.11
2021-01-01 16:29:00,2.6165,2.6165,2.6117,2.6125,2471.44
2021-01-01 16:30:00,2.6123,2.6125,2.611,2.6122,613.51
2021-01-01 16:31:00,2.6123,2.6133,2.6121,2.6133,1837.31
2021-01-01 16:32:00,2.6134,2.6165,2.6129,2.6163,1302.9
2021-01-01 16:33:00,2.6168,2.6186,2.6163,2.6183,3563.07
2021-01-01 16:34:00,2.618,2.6181,2.617,2.6173,817.71
2021-01-01 16:35:00,2.617,2.6173,2.6167,2.6171,4675.89
2021-01-01 16:36:00,2.6171,2.6177,2.6149,2.6177,6104.09
2021-01-01 16:37:00,2.6176,2.618,2.6152,2.618,3537.4
2021-01-01 16:38:00,2.6177,2.6191,2.6177,2.619,1980.45
2021-01-01 16:39:00,2.619,2.619,2.6166,2.6176,4624.2
2021-01-01 16:40:00,2.6174,2.6176,2.6155,2.6173,5227.03
2021-01-01 16:41:00,2.6173,2.6174,2.6162,2.6162,699.89
2021-01-01 16:42:00,2.6173,2.6211,2.6173,2.62,7346.6
2021-01-01 16:43:00,2.62,2.6208,2.6194,2.6196,1984.43
2021-01-01 16:44:00,2.6198,2.6205,2.6194,2.6204,3530.36
2021-01-01 16:45:00,2.6204,2.6215,2.62,2.6209,3685.28
2021-01-01 16:46:00,2.6203,2.621,2.62,2.621,224.07
2021-01-01 16:47:00,2.6207,2.6208,2.6175,2.6175,4980.38
2021-01-01 16:48:00,2.6174,2.618,2.6146,2.6146,1031.79
2021-01-01 16:49:00,2.6146,2.616,2.614,2.6151,6102.92
2021-01-01 16:50:00,2.6157,2.6202,2.6148,2.6188,6610.06
2021-01-01 16:51:00,2.6202,2.6202,2.6172,2.6181,6314.58
2021-01-01 16:52:00,2.6179,2.6196,2.6174,2.6196,7390.72
2021-01-01 16:53:00,2.6195,2.6195,2.6186,2.6189,294.5
2021-01-01 16:54:00,2.6183,2.6191,2.6182,2.6191,1035.4
2021-01-01 16:55:00,2.6195,2.6222,2.6192,2.6202,16142.92
2021-01-01 16:56:00,2.6201,2.6218,2.6201,2.6208,15401.67
2021-01-01 16:57:00,2.6209,2.6223,2.6204,2.6222,1950.31
2021-01-01 16:58:00,2.6222,2.6224,2.6218,2.6219,740.16
2021-01-01 16:59:00,2.6218,2.6218,2.62,2.62,1530.71
2021-01-01 17:00:00,2.6208,2.6223,2.6202,2.6223,2223.76
2021-01-01 17:01:00,2.6224,2.6251,2.6223,2.625,6628.32
2021-01-01 17:02:00,2.6253,2.6262,2.6245,2.6259,1616.3
2021-01-01 17:03:00,2.6262,2.6264,2.6253,2.6263,1050.07
2021-01-01 17:04:00,2.626,2.626,2.621,2.621,2508.94
2021-01-01 17:05:00,2.6224,2.6248,2.6206,2.6248,8002.91
2021-01-01 17:06:00,2.624,2.6257,2.6233,2.6234,5504.67
2021-01-01 17:07:00,2.6233,2.6238,2.6216,2.6216,3696.17
2021-01-01 17:08:00,2.6237,2.6244,2.6212,2.6212,807.34
2021-01-01 17:09:00,2.6211,2.624,2.6211,2.6226,3856.61
2021-01-01 17:10:00,2.6233,2.6255,2.6232,2.6244,5443.16
2021-01-01 17:11:00,2.6246,2.6246,2.6217,2.6217,1392.33
2021-01-01 17:12:00,2.6219,2.622,2.6193,2.6193,3438.4
2021-01-01 17:13:00,2.6203,2.6209,2.6192,2.6198,1130.88
2021-01-01 17:14:00,2.6196,2.6196,2.6137,2.6171,14337.49
2021-01-01 17:15:00,2.6174,2.6174,2.6095,2.6121,10220.14
2021-01-01 17:16:00,2.6119,2.6119,2.606,2.6067,19333.3
2021-01-01 17:17:00,2.6061,2.614,2.6061,2.6137,14902.28
2021-01-01 17:18:00,2.6133,2.6133,2.6108,2.6108,2339.78
2021-01-01 17:19:00,2.6111,2.6115,2.6042,2.6042,8799.32
2021-01-01 17:20:00,2.6041,2.6109,2.5978,2.5978,36294.27
2021-01-01 17:21:00,2.5979,2.5981,2.5831,2.5831,97678.61
2021-01-01 17:22:00,2.583,2.5943,2.5784,2.585,95497.02
2021-01-01 17:23:00,2.5846,2.5927,2.5828,2.5927,55678.63
2021-01-01 17:24:00,2.5912,2.5963,2.5881,2.5948,11513.28
2021-01-01 17:25:00,2.5946,2.5974,2.5881,2.5883,7657.51
2021-01-01 17:26:00,2.5889,2.5972,2.5873,2.5959,26825.77
2021-01-01 17:27:00,2.5961,2.5969,2.5921,2.5969,14625.14
2021-01-01 17:28:00,2.5971,2.5979,2.5957,2.5958,6201.04
2021-01-01 17:29:00,2.5959,2.5972,2.5945,2.597,12502.13
2021-01-01 17:30:00,2.597,2.5998,2.597,2.5998,1982.51
2021-01-01 17:31:00,2.5999,2.6046,2.5993,2.6046,10900.56
2021-01-01 17:32:00,2.6045,2.6063,2.604,2.6049,17855.02
2021-01-01 17:33:00,2.6049,2.6095,2.6047,2.6095,5233.13
2021-01-01 17:34:00,2.6096,2.6116,2.6092,2.6107,13357.03
2021-01-01 17:35:00,2.6103,2.6103,2.6078,2.6087,2311.77
2021-01-01 17:36:00,2.6093,2.6095,2.6061,2.6082,4400.58
2021-01-01 17:37:00,2.6083,2.6098,2.6059,2.6067,8281.64
2021-01-01 17:38:00,2.607,2.6077,2.6055,2.6077,6489.46
2021-01-01 17:39:00,2.6075,2.6083,2.6064,2.6075,5667.42
2021-01-01 17:40:00,2.6083,2.6083,2.6064,2.6072,4597.27
2021-01-01 17:41:00,2.6066,2.6066,2.6027,2.6037,5992.8
2021-01-01 17:42:00,2.6039,2.6041,2.5993,2.6,7141.06
2021-01-01 17:43:00,2.6001,2.6007,2.5915,2.5915,13382.51
2021-01-01 17:44:00,2.5914,2.597,2.5914,2.593,9721.82
2021-01-01 17:45:00,2.5932,2.5933,2.5876,2.589,28938.46
2021-01-01 17:46:00,2.589,2.5986,2.5878,2.5986,8159.38
2021-01-01 17:47:00,2.5986,2.6009,2.5976,2.5986,5955.02
2021-01-01 17:48:00,2.599,2.6021,2.5975,2.6019,5040.39
2021-01-01 17:49:00,2.6017,2.6018,2.5982,2.6018,21573.27
2021-01-01 17:50:00,2.6018,2.6041,2.6017,2.6041,8127.28
2021-01-01 17:51:00,2.604,2.605,2.6035,2.6048,2614.71
2021-01-01 17:52:00,2.6044,2.6059,2.6036,2.6057,6957.92
2021-01-01 17:53:00,2.6057,2.6064,2.6056,2.6061,570.53
2021-01-01 17:54:00,2.6054,2.6054,2.6051,2.6051,52.71
2021-01-01 17:55:00,2.6054,2.6107,2.6054,2.6107,7204.2
2021-01-01 17:56:00,2.6108,2.6111,2.6068,2.6068,2206.96
2021-01-01 17:57:00,2.6066,2.6071,2.6063,2.6063,1994.39
2021-01-01 17:58:00,2.6066,2.6066,2.6015,2.6021,4132.55
2021-01-01 17:59:00,2.6026,2.6026,2.5975,2.5975,4409.72
2021-01-01 18:00:00,2.5976,2.6017,2.596,2.6,12414.72
2021-01-01 18:01:00,2.6001,2.6022,2.5993,2.6016,1335.06
2021-01-01 18:02:00,2.602,2.606,2.6014,2.6049,13111.58
2021-01-01 18:03:00,2.6053,2.6063,2.6046,2.6063,1497.75
2021-01-01 18:04:00,2.606,2.607,2.6031,2.607,2368.77
2021-01-01 18:05:00,2.6079,2.6079,2.6066,2.6067,5256.06
2021-01-01 18:06:00,2.6067,2.6078,2.6064,2.6074,407.01
2021-01-01 18:07:00,2.608,2.6081,2.6071,2.6071,1689.7
2021-01-01 18:08:00,2.607,2.6096,2.607,2.6092,2750.33
2021-01-01 18:09:00,2.6093,2.6097,2.6087,2.6088,3729.54
2021-01-01 18:10:00,2.6087,2.6089,2.6084,2.6087,661.78
2021-01-01 18:11:00,2.6084,2.6084,2.6047,2.6047,12345.46
2021-01-01 18:12:00,2.6054,2.6107,2.6054,2.6107,6003.18
2021-01-01 18:13:00,2.6111,2.6116,2.6106,2.6107,2337.46
2021-01-01 18:14:00,2.6111,2.6116,2.6089,2.6089,2652.16
2021-01-01 18:15:00,2.6094,2.6108,2.609,2.6092,3432.25
2021-01-01 18:16:00,2.6092,2.6095,2.6079,2.608,2539.44
2021-01-01 18:17:00,2.6079,2.609,2.6061,2.6061,5541.34
2021-01-01 18:18:00,2.6064,2.6066,2.6041,2.6051,2023.54
2021-01-01 18:19:00,2.6055,2.6062,2.605,2.6057,2475.92
2021-01-01 18:20:00,2.606,2.6116,2.606,2.6108,12902.13
2021-01-01 18:21:00,2.6108,2.6125,2.6107,2.6111,1903.49
2021-01-01 18:22:00,2.611,2.6123,2.6106,2.6123,1059.92
2021-01-01 18:23:00,2.6114,2.6124,2.6109,2.6114,7692.53
2021-01-01 18:24:00,2.6113,2.6122,2.6111,2.6113,706.47
2021-01-01 18:25:00,2.6121,2.6144,2.6119,2.6144,4982.2
2021-01-01 18:26:00,2.6147,2.615,2.6136,2.6136,8013.77
2021-01-01 18:27:00,2.6136,2.6166,2.6136,2.6162,5356.07
2021-01-01 18:28:00,2.6157,2.6159,2.6146,2.6151,1613.87
2021-01-01 18:29:00,2.6149,2.6154,2.6132,2.6138,3991.79
2021-01-01 18:30:00,2.6134,2.6139,2.6119,2.6129,2432.19
2021-01-01 18:31:00,2.6136,2.615,2.6119,2.6147,3847.44
2021-01-01 18:32:00,2.6146,2.6154,2.6122,2.6122,3050.16
2021-01-01 18:33:00,2.6117,2.6117,2.6114,2.6114,856.58
2021-01-01 18:34:00,2.6105,2.6114,2.6073,2.6114,5570.48
2021-01-01 18:35:00,2.6117,2.6136,2.6104,2.6115,13413.93
2021-01-01 18:36:00,2.6115,2.6116,2.6098,2.6102,3932.57
2021-01-01 18:37:00,2.6102,2.6115,2.6101,2.6107,630.68
2021-01-01 18:38:00,2.6107,2.6107,2.6084,2.6096,5340.1
2021-01-01 18:39:00,2.6101,2.6101,2.6031,2.6032,14648.05
2021-01-01 18:40:00,2.603,2.6035,2.6017,2.6035,6342.22
2021-01-01 18:41:00,2.6036,2.6062,2.6034,2.6049,4887.57
2021-01-01 18:42:00,2.6049,2.6057,2.6027,2.6038,4575.82
2021-01-01 18:43:00,2.6038,2.6107,2.6035,2.6107,16814.2
2021-01-01 18:44:00,2.6106,2.6106,2.6081,2.6093,3421.41
2021-01-01 18:45:00,2.6092,2.6112,2.6091,2.6111,1408.77
2021-01-01 18:46:00,2.6121,2.6122,2.611,2.6114,2126.26
2021-01-01 18:47:00,2.6119,2.6151,2.6118,2.6148,4467.17
2021-01-01 18:48:00,2.6148,2.6158,2.6141,2.6154,4988.67
2021-01-01 18:49:00,2.615,2.615,2.613,2.6138,2447.22
2021-01-01 18:50:00,2.6144,2.6144,2.6132,2.6142,1356.2
2021-01-01 18:51:00,2.6138,2.6151,2.6132,2.6133,3345.38
2021-01-01 18:52:00,2.6132,2.6136,2.6129,2.6129,531.83
2021-01-01 18:53:00,2.6127,2.613,2.6118,2.6118,5208.41
2021-01-01 18:54:00,2.6107,2.6114,2.6106,2.6109,2082.1
2021-01-01 18:55:00,2.6109,2.6125,2.6109,2.6121,3757.29
2021-01-01 18:56:00,2.6121,2.6121,2.6093,2.6093,10376.72
2021-01-01 18:57:00,2.6099,2.6111,2.6091,2.61,3746.91
2021-01-01 18:58:00,2.6105,2.6108,2.6097,2.6098,1713.83
2021-01-01 18:59:00,2.6097,2.6105,2.6092,2.6098,2074.45
2021-01-01 19:00:00,2.61,2.6103,2.6087,2.6091,5022.85
2021-01-01 19:01:00,2.6091,2.6114,2.609,2.6108,9900.2
2021-01-01 19:02:00,2.6109,2.6165,2.6109,2.6165,3878.85
2021-01-01 19:03:00,2.6162,2.62,2.6162,2.62,3540.95
2021-01-01 19:04:00,2.62,2.6252,2.619,2.6243,24435.91
2021-01-01 19:05:00,2.6246,2.6246,2.6181,2.6186,5749.18
2021-01-01 19:06:00,2.6182,2.6189,2.6166,2.6189,3782.17
2021-01-01 19:07:00,2.619,2.619,2.6177,2.6177,1927.76
2021-01-01 19:08:00,2.6177,2.6185,2.617,2.6172,7250.51
2021-01-01 19:09:00,2.6188,2.6228,2.6188,2.6221,5583.72
2021-01-01 19:10:00,2.6226,2.6258,2.6226,2.6245,13968.51
2021-01-01 19:11:00,2.623,2.623,2.6171,2.6206,11989.29
2021-01-01 19:12:00,2.6205,2.6207,2.6188,2.6189,3771.71
2021-01-01 19:13:00,2.6189,2.6189,2.6127,2.6173,15293.74
2021-01-01 19:14:00,2.6173,2.6194,2.6145,2.6152,19480.54
2021-01-01 19:15:00,2.6148,2.6156,2.6128,2.6132,16531.03
2021-01-01 19:16:00,2.613,2.6146,2.6129,2.6134,4470.65
2021-01-01 19:17:00,2.613,2.616,2.613,2.6146,8867.03
2021-01-01 19:18:00,2.6149,2.618,2.6143,2.6178,13751.1
2021-01-01 19:19:00,2.6177,2.6237,2.6173,2.6237,10073.12
2021-01-01 19:20:00,2.6229,2.6229,2.6181,2.6181,6423.59
2021-01-01 19:21:00,2.618,2.6181,2.6139,2.6139,16385.77
2021-01-01 19:22:00,2.6137,2.6175,2.6123,2.6174,6535.32
2021-01-01 19:23:00,2.6174,2.6196,2.6159,2.6184,4500.19
2021-01-01 19:24:00,2.6189,2.6194,2.6171,2.6173,2363.15
2021-01-01 19:25:00,2.6174,2.6194,2.6174,2.6183,5441.75
2021-01-01 19:26:00,2.6184,2.6186,2.6166,2.6181,2430.76
2021-01-01 19:27:00,2.6172,2.6182,2.6172,2.6182,862.89
2021-01-01 19:28:00,2.6192,2.6257,2.6192,2.6242,21357.54
2021-01-01 19:29:00,2.6244,2.6268,2.6235,2.6252,9792.45
2021-01-01 19:30:00,2.6243,2.627,2.6243,2.627,1926.15
2021-01-01 19:31:00,2.627,2.6273,2.6248,2.6248,6546.27
2021-01-01 19:32:00,2.6239,2.6256,2.6215,2.6217,8543.1
2021-01-01 19:33:00,2.6208,2.6208,2.6189,2.6197,2631.64
2021-01-01 19:34:00,2.6199,2.6199,2.6195,2.6198,1212.08
2021-01-01 19:35:00,2.6197,2.6216,2.6193,2.6215,4318.7
2021-01-01 19:36:00,2.6216,2.623,2.6208,2.6221,5194.06
2021-01-01 19:37:00,2.6212,2.6232,2.6212,2.6225,2303.05
2021-01-01 19:38:00,2.6227,2.6227,2.6213,2.6217,2173.68
2021-01-01 19:39:00,2.6222,2.6237,2.622,2.6231,1695.54
2021-01-01 19:40:00,2.6231,2.6243,2.6221,2.6238,7939.53
2021-01-01 19:41:00,2.6233,2.6239,2.6225,2.6239,2470.81
2021-01-01 19:42:00,2.6239,2.624,2.6208,2.6208,4026.3
2021-01-01 19:43:00,2.621,2.6218,2.621,2.6215,1632.66
2021-01-01 19:44:00,2.6214,2.6219,2.6214,2.6219,892.96
2021-01-01 19:45:00,2.6221,2.6233,2.6212,2.6212,4710.41
2021-01-01 19:46:00,2.6213,2.6226,2.6212,2.6221,1467.76
2021-01-01 19:47:00,2.6219,2.6222,2.6212,2.6219,3434.3
2021-01-01 19:48:00,2.6217,2.6223,2.62,2.6223,14015.35
2021-01-01 19:49:00,2.6224,2.63,2.6224,2.6288,26732.7
2021-01-01 19:50:00,2.6288,2.6319,2.6274,2.6291,9310.72
2021-01-01 19:51:00,2.6283,2.6301,2.6257,2.6265,9509.18
2021-01-01 19:52:00,2.6256,2.6258,2.6246,2.6256,2857.42
2021-01-01 19:53:00,2.6259,2.626,2.6255,2.6256,1071.85
2021-01-01 19:54:00,2.6256,2.6257,2.6225,2.6244,14039.67
2021-01-01 19:55:00,2.6244,2.6247,2.6222,2.6243,4336.88
2021-01-01 19:56:00,2.6239,2.6243,2.6229,2.6229,1582.06
2021-01-01 19:57:00,2.6236,2.6247,2.6232,2.6234,2995.21
2021-01-01 19:58:00,2.6237,2.6247,2.6236,2.6242,1731.56
2021-01-01 19:59:00,2.6242,2.6253,2.623,2.6253,8272.53
2021-01-01 20:00:00,2.6251,2.6265,2.6247,2.6254,4683.67
2021-01-01 20:01:00,2.6254,2.6292,2.6252,2.629,7958.01
2021-01-01 20:02:00,2.6281,2.6296,2.627,2.6284,5715.88
2021-01-01 20:03:00,2.6291,2.6301,2.6263,2.6267,6080.68
2021-01-01 20:04:00,2.6272,2.6275,2.6261,2.6262,25357.4
2021-01-01 20:05:00,2.6262,2.6299,2.6261,2.6293,16978.47
2021-01-01 20:06:00,2.6282,2.632,2.628,2.6312,16294.18
2021-01-01 20:07:00,2.6312,2.6319,2.6312,2.6312,50256.31
2021-01-01 20:08:00,2.6312,2.6336,2.6312,2.6336,11773.56
2021-01-01 20:09:00,2.6334,2.6334,2.6313,2.6322,7511.33
2021-01-01 20:10:00,2.6321,2.6328,2.6292,2.6308,42156.12
2021-01-01 20:11:00,2.6314,2.6345,2.6304,2.6318,15067.38
2021-01-01 20:12:00,2.6319,2.6338,2.6319,2.6334,14009.79
2021-01-01 20:13:00,2.6335,2.6367,2.6335,2.6367,6936.6
2021-01-01 20:14:00,2.6366,2.6492,2.636,2.648,68577.72
2021-01-01 20:15:00,2.648,2.6493,2.6402,2.6412,18293.16
2021-01-01 20:16:00,2.6412,2.6462,2.6408,2.6459,7841.11
2021-01-01 20:17:00,2.6458,2.6483,2.6458,2.6482,7096.63
2021-01-01 20:18:00,2.6482,2.6499,2.6469,2.6499,22567.45
2021-01-01 20:19:00,2.65,2.6555,2.65,2.6546,53782.64
2021-01-01 20:20:00,2.6552,2.6596,2.6552,2.6585,33807.29
2021-01-01 20:21:00,2.6576,2.6607,2.6531,2.6531,27841.3
2021-01-01 20:22:00,2.6531,2.6587,2.65,2.655,24672.84
2021-01-01 20:23:00,2.6557,2.6578,2.6555,2.6572,4595.38
2021-01-01 20:24:00,2.657,2.6617,2.6569,2.6598,31794.94
2021-01-01 20:25:00,2.6598,2.6598,2.6489,2.6507,24927.44
2021-01-01 20:26:00,2.6505,2.6507,2.6402,2.6413,24405.06
2021-01-01 20:27:00,2.6412,2.6486,2.6409,2.6482,9731.24
2021-01-01 20:28:00,2.6478,2.6478,2.6382,2.6382,16204.36
2021-01-01 20:29:00,2.6381,2.646,2.6381,2.646,17086.85
2021-01-01 20:30:00,2.6452,2.6486,2.6447,2.6456,7074.96
2021-01-01 20:31:00,2.646,2.646,2.6382,2.64,14338.92
2021-01-01 20:32:00,2.6398,2.64,2.6353,2.6379,18997.29
2021-01-01 20:33:00,2.6366,2.6415,2.6366,2.6382,7752.53
2021-01-01 20:34:00,2.6382,2.6399,2.6363,2.6399,6784.11
2021-01-01 20:35:00,2.6389,2.641,2.6388,2.6396,4184.61
2021-01-01 20:36:00,2.6386,2.6416,2.6352,2.638,4479.75
2021-01-01 20:37:00,2.6374,2.6398,2.6369,2.6398,1920.38
2021-01-01 20:38:00,2.6405,2.6405,2.6377,2.6377,3731.72
2021-01-01 20:39:00,2.6384,2.64,2.6384,2.64,1676.11
2021-01-01 20:40:00,2.6399,2.6403,2.6394,2.64,3293.35
2021-01-01 20:41:00,2.64,2.64,2.6371,2.6387,9452.63
2021-01-01 20:42:00,2.6392,2.6403,2.6385,2.64,5277.16
2021-01-01 20:43:00,2.6395,2.6398,2.6372,2.6377,6361.49
2021-01-01 20:44:00,2.6376,2.6376,2.6365,2.6373,2676.27
2021-01-01 20:45:00,2.6376,2.6422,2.6376,2.6401,8292.47
2021-01-01 20:46:00,2.6404,2.6414,2.6403,2.6414,884.92
2021-01-01 20:47:00,2.6413,2.6415,2.6397,2.6397,2436.82
2021-01-01 20:48:00,2.6397,2.6399,2.6367,2.6369,3681.51
2021-01-01 20:49:00,2.6369,2.6383,2.6369,2.6377,2599.78
2021-01-01 20:50:00,2.6376,2.6392,2.6376,2.6391,3614.95
2021-01-01 20:51:00,2.6394,2.6396,2.638,2.638,2590.03
2021-01-01 20:52:00,2.6383,2.6385,2.6375,2.6375,6649.56
2021-01-01 20:53:00,2.6375,2.6375,2.6363,2.6363,4079.18
2021-01-01 20:54:00,2.6362,2.6362,2.6342,2.6352,9957.85
2021-01-01 20:55:00,2.6351,2.6377,2.6351,2.6361,11971.43
2021-01-01 20:56:00,2.6358,2.638,2.6351,2.636,3703.49
2021-01-01 20:57:00,2.6356,2.6367,2.6356,2.6367,4287.11
2021-01-01 20:58:00,2.6365,2.6393,2.6365,2.6393,1083.9
2021-01-01 20:59:00,2.6393,2.6409,2.6393,2.6402,3704.28
2021-01-01 10:12:00,2.6142,2.615,2.6072,2.6087,11634.77
2021-01-01 10:13:00,2.6076,2.6088,2.6014,2.607,14861.47
2021-01-01 10:14:00,2.6072,2.6113,2.604,2.6112,20713.06
2021-01-01 10:15:00,2.6116,2.614,2.6085,2.614,10827.32
2021-01-01 10:16:00,2.6133,2.6152,2.6118,2.6147,11253.38
2021-01-01 10:17:00,2.6143,2.6166,2.6114,2.6152,6794.61
2021-01-01 10:18:00,2.6138,2.6153,2.6104,2.6153,9576.11
2021-01-01 10:19:00,2.6154,2.6158,2.6126,2.6126,6943.86
2021-01-01 10:20:00,2.6111,2.6138,2.6094,2.613,12653.82
2021-01-01 10:21:00,2.6121,2.6121,2.6092,2.6108,2952.34
2021-01-01 10:22:00,2.6102,2.6102,2.6069,2.6084,10164.7
2021-01-01 10:23:00,2.6093,2.6124,2.6068,2.6117,5397.01
2021-01-01 10:24:00,2.6118,2.6176,2.6118,2.6155,17679.27
2021-01-01 10:25:00,2.615,2.6199,2.6134,2.6197,5961.52
2021-01-01 10:26:00,2.6198,2.6208,2.6183,2.6193,6538.75
2021-01-01 10:27:00,2.6193,2.6217,2.6183,2.619,7103.97
2021-01-01 10:28:00,2.6185,2.6203,2.618,2.6203,3189.91
2021-01-01 10:29:00,2.6197,2.6273,2.619,2.6214,36432.55
2021-01-01 10:30:00,2.6215,2.6249,2.6211,2.6221,10134.2
2021-01-01 10:31:00,2.6226,2.6226,2.6128,2.6139,15076.54
2021-01-01 10:32:00,2.6139,2.6167,2.6139,2.6151,9449.15
2021-01-01 10:33:00,2.6157,2.6157,2.6122,2.6122,1227.35
2021-01-01 10:34:00,2.612,2.6162,2.6117,2.6149,4120.46
2021-01-01 10:35:00,2.6144,2.6155,2.6134,2.6144,2251.15
2021-01-01 10:36:00,2.6158,2.6231,2.6158,2.6217,19017.38
2021-01-01 10:37:00,2.6215,2.6244,2.6206,2.622,4094.92
2021-01-01 10:38:00,2.6218,2.6244,2.6209,2.6244,4053.9
2021-01-01 10:39:00,2.6251,2.6259,2.6206,2.6238,15058.48
2021-01-01 10:40:00,2.6241,2.6289,2.6233,2.6241,25849.69
2021-01-01 10:41:00,2.6244,2.6288,2.6207,2.6272,9217.78
2021-01-01 10:42:00,2.6278,2.6278,2.6254,2.6276,3524.6
2021-01-01 10:43:00,2.6267,2.63,2.6267,2.63,8582.34
2021-01-01 10:44:00,2.6297,2.63,2.6222,2.6248,7551.21
2021-01-01 10:45:00,2.6244,2.6301,2.6231,2.6276,11941.54
2021-01-01 10:46:00,2.6279,2.6293,2.6271,2.6293,3545.69
2021-01-01 10:47:00,2.6293,2.6301,2.628,2.6283,6629.53
2021-01-01 10:48:00,2.6287,2.6287,2.6284,2.6287,173.08
2021-01-01 10:49:00,2.6288,2.6306,2.6282,2.6287,9364.91
2021-01-01 10:50:00,2.6279,2.6311,2.6279,2.6295,3481.35
2021-01-01 10:51:00,2.6303,2.6303,2.6277,2.6277,12910.76
2021-01-01 10:52:00,2.6284,2.6289,2.6271,2.6274,4086.66
2021-01-01 10:53:00,2.6278,2.6292,2.6278,2.6279,998.15
2021-01-01 10:54:00,2.6289,2.629,2.6279,2.6284,817.32
2021-01-01 10:55:00,2.629,2.6298,2.6269,2.6269,15895.93
2021-01-01 10:56:00,2.6271,2.6275,2.6268,2.6275,934.77
2021-01-01 10:57:00,2.6281,2.631,2.6276,2.6298,8488.07
2021-01-01 10:58:00,2.6303,2.635,2.63,2.6323,17681.91
2021-01-01 10:59:00,2.6332,2.6344,2.6318,2.6319,2557.15
2021-01-01 11:00:00,2.6329,2.6363,2.6329,2.635,3987.02
2021-01-01 11:01:00,2.6346,2.6349,2.6313,2.6321,17950.12
2021-01-01 11:02:00,2.6329,2.6329,2.6287,2.6289,3140.13
2021-01-01 11:03:00,2.629,2.6305,2.6228,2.623,11681.31
2021-01-01 11:04:00,2.6236,2.6236,2.6227,2.6233,1430.11
2021-01-01 11:05:00,2.6235,2.6258,2.6231,2.6258,1811.83
2021-01-01 11:06:00,2.6258,2.627,2.6248,2.627,3477.74
2021-01-01 11:07:00,2.6262,2.6277,2.6262,2.6266,2906.41
2021-01-01 11:08:00,2.6261,2.6274,2.6251,2.6274,6294.37
2021-01-01 11:09:00,2.6271,2.6281,2.6271,2.6281,1612.5
2021-01-01 11:10:00,2.628,2.6326,2.6275,2.6324,4537.61
2021-01-01 11:11:00,2.6324,2.6324,2.6284,2.6284,4679.17
2021-01-01 11:12:00,2.6287,2.6293,2.6281,2.6293,1228.32
2021-01-01 11:13:00,2.6295,2.6295,2.6274,2.6282,1660.17
2021-01-01 11:14:00,2.6281,2.6281,2.6259,2.6265,3010.93
2021-01-01 11:15:00,2.6264,2.6272,2.6262,2.6262,458.94
2021-01-01 11:16:00,2.6268,2.6275,2.6265,2.6265,971.09
2021-01-01 11:17:00,2.6251,2.6267,2.6251,2.6265,558.16
2021-01-01 11:18:00,2.6275,2.6281,2.6273,2.6274,840.43
2021-01-01 11:19:00,2.6275,2.6276,2.626,2.626,760.28
2021-01-01 11:20:00,2.626,2.6267,2.6252,2.6263,20287.48
2021-01-01 11:21:00,2.626,2.6273,2.6259,2.6264,2817.97
2021-01-01 11:22:00,2.6264,2.6278,2.6264,2.6267,1181.61
2021-01-01 11:23:00,2.6271,2.629,2.6266,2.629,24602.74
2021-01-01 11:24:00,2.629,2.631,2.629,2.6303,2636.22
2021-01-01 11:25:00,2.6303,2.6303,2.6284,2.6284,4133.81
2021-01-01 11:26:00,2.6281,2.63,2.6279,2.6286,1524.44
2021-01-01 11:27:00,2.6286,2.6297,2.6271,2.6275,8029.46
2021-01-01 11:28:00,2.6271,2.6286,2.6264,2.6279,1932.93
2021-01-01 11:29:00,2.6277,2.628,2.6258,2.6258,5279.64
2021-01-01 11:30:00,2.6253,2.6253,2.6192,2.6198,11505.74
2021-01-01 11:31:00,2.6196,2.6196,2.6131,2.6159,22329.09
2021-01-01 11:32:00,2.6159,2.6196,2.6122,2.6144,25500.21
2021-01-01 11:33:00,2.6142,2.6158,2.6132,2.615,3307.84
2021-01-01 11:34:00,2.6148,2.6148,2.6116,2.6145,4641.91
2021-01-01 11:35:00,2.6142,2.6199,2.6141,2.6177,14155.94
2021-01-01 11:36:00,2.6177,2.6178,2.6156,2.6171,3829.67
2021-01-01 11:37:00,2.6172,2.6208,2.6166,2.6198,3621.76
2021-01-01 11:38:00,2.6202,2.621,2.6187,2.6187,543.33
2021-01-01 11:39:00,2.6182,2.6195,2.6166,2.6195,1662.79
2021-01-01 11:40:00,2.6195,2.6209,2.6187,2.6189,1946.47
2021-01-01 11:41:00,2.6191,2.6192,2.6145,2.6176,2987.97
2021-01-01 11:42:00,2.6183,2.6217,2.6178,2.6197,1962.27
2021-01-01 11:43:00,2.62,2.6226,2.6193,2.6224,2114.59
2021-01-01 11:44:00,2.622,2.623,2.6213,2.6213,1314.93
2021-01-01 11:45:00,2.6215,2.6229,2.6206,2.6221,1262.15
2021-01-01 11:46:00,2.6215,2.6223,2.6168,2.6189,12445.31
2021-01-01 11:47:00,2.6182,2.6183,2.615,2.6173,14433.16
2021-01-01 11:48:00,2.6178,2.6197,2.6162,2.6194,5274.47
2021-01-01 11:49:00,2.6206,2.6243,2.6203,2.6238,2633.51
2021-01-01 11:50:00,2.624,2.6266,2.624,2.6252,14957.03
2021-01-01 11:51:00,2.6252,2.6255,2.6225,2.6235,2364.95
2021-01-01 11:52:00,2.6224,2.6254,2.6221,2.6243,4125.57
2021-01-01 11:53:00,2.624,2.6243,2.623,2.6233,3949.35
2021-01-01 11:54:00,2.623,2.6236,2.6217,2.6217,2988.55
2021-01-01 11:55:00,2.6217,2.628,2.6214,2.6269,16753.05
2021-01-01 11:56:00,2.6267,2.6269,2.6249,2.6253,2098.34
2021-01-01 11:57:00,2.6252,2.6312,2.625,2.6286,30744.5
2021-01-01 11:58:00,2.6294,2.63,2.6268,2.6284,6557.99
2021-01-01 11:59:00,2.6291,2.6338,2.6291,2.631,13206.42
2021-01-01 12:00:00,2.631,2.6337,2.631,2.6334,10307.67
2021-01-01 12:01:00,2.6336,2.6341,2.6308,2.6319,9714.62
2021-01-01 12:02:00,2.6312,2.6312,2.6294,2.63,5744.45
2021-01-01 12:03:00,2.6299,2.6335,2.6299,2.6305,13742.55
2021-01-01 12:04:00,2.6306,2.6312,2.6303,2.631,1316.83
2021-01-01 12:05:00,2.6309,2.6319,2.6306,2.6315,1684.17
2021-01-01 12:06:00,2.6317,2.6334,2.6317,2.6319,381.16
2021-01-01 12:07:00,2.6318,2.6318,2.6298,2.6301,2950.9
2021-01-01 12:08:00,2.6301,2.6304,2.6292,2.6297,1617.88
2021-01-01 12:09:00,2.6309,2.6405,2.6309,2.6395,50725.18
2021-01-01 12:10:00,2.639,2.6411,2.6375,2.6409,10583.08
2021-01-01 12:11:00,2.6409,2.6412,2.6391,2.6391,7108.79
2021-01-01 12:12:00,2.6389,2.6394,2.6367,2.639,6575.56
2021-01-01 12:13:00,2.6382,2.6383,2.6369,2.637,4557.76
2021-01-01 12:14:00,2.6368,2.6368,2.633,2.6347,8148.91
2021-01-01 12:15:00,2.634,2.6383,2.6338,2.6383,6035.72
2021-01-01 12:16:00,2.6383,2.6387,2.6363,2.6372,8605.79
2021-01-01 12:17:00,2.6364,2.6381,2.6363,2.637,1048.07
2021-01-01 12:18:00,2.637,2.6387,2.637,2.637,1658.07
2021-01-01 12:19:00,2.6381,2.6387,2.6381,2.6381,1336.19
2021-01-01 12:20:00,2.6384,2.6385,2.6374,2.6374,1205.34
2021-01-01 12:21:00,2.6377,2.6387,2.6374,2.6376,4353.04
2021-01-01 12:22:00,2.6367,2.6382,2.6359,2.6362,5004.73
2021-01-01 12:23:00,2.6352,2.6356,2.6319,2.6325,10701.87
2021-01-01 12:24:00,2.6324,2.6348,2.6324,2.6339,1875.96
2021-01-01 12:25:00,2.6344,2.6366,2.6344,2.6345,4322.0
2021-01-01 12:26:00,2.6344,2.6363,2.633,2.633,2036.07
2021-01-01 12:27:00,2.6336,2.6355,2.6336,2.6355,5959.49
2021-01-01 12:28:00,2.6341,2.635,2.6335,2.635,2252.55
2021-01-01 12:29:00,2.6343,2.6346,2.6338,2.6346,134.86
2021-01-01 12:30:00,2.6346,2.6346,2.633,2.633,1604.89
2021-01-01 12:31:00,2.634,2.6345,2.634,2.6343,1463.64
2021-01-01 12:32:00,2.6343,2.6347,2.634,2.6347,1762.8
2021-01-01 12:33:00,2.635,2.6357,2.6349,2.6355,305.34
2021-01-01 12:34:00,2.6351,2.6351,2.6326,2.633,1558.48
2021-01-01 12:35:00,2.634,2.6343,2.634,2.6342,1356.6
2021-01-01 12:36:00,2.6344,2.6376,2.6344,2.6367,4526.45
2021-01-01 12:37:00,2.6368,2.6375,2.6364,2.6367,992.91
2021-01-01 12:38:00,2.6361,2.6361,2.6354,2.6354,520.92
2021-01-01 12:39:00,2.636,2.6361,2.6354,2.6361,519.53
2021-01-01 12:40:00,2.6363,2.6385,2.6363,2.6385,2206.58
2021-01-01 12:41:00,2.6383,2.6388,2.6363,2.6363,1636.14
2021-01-01 12:42:00,2.6358,2.6358,2.635,2.635,319.87
2021-01-01 12:43:00,2.6355,2.6366,2.6347,2.6347,2373.06
2021-01-01 12:44:00,2.635,2.6361,2.6341,2.6359,882.8
2021-01-01 12:45:00,2.6358,2.638,2.6357,2.638,11206.14
2021-01-01 12:46:00,2.6382,2.6493,2.6352,2.6359,71988.86
2021-01-01 12:47:00,2.6351,2.6424,2.6325,2.6423,21211.35
2021-01-01 12:48:00,2.6414,2.6491,2.6386,2.6451,38612.37
2021-01-01 12:49:00,2.6447,2.6447,2.6392,2.6392,10612.72
2021-01-01 12:50:00,2.639,2.6417,2.6377,2.6387,13282.15
2021-01-01 12:51:00,2.6382,2.6382,2.6351,2.6352,5019.03
2021-01-01 12:52:00,2.6355,2.6356,2.6324,2.6326,9680.38
2021-01-01 12:53:00,2.6329,2.6364,2.6329,2.6363,6246.67
2021-01-01 12:54:00,2.6353,2.6356,2.6337,2.6356,2910.4
2021-01-01 12:55:00,2.6353,2.6354,2.6342,2.6342,1292.57
2021-01-01 12:56:00,2.6341,2.6349,2.6341,2.6342,2351.97
2021-01-01 12:57:00,2.6342,2.6344,2.6336,2.6344,1982.58
2021-01-01 12:58:00,2.6346,2.6349,2.6336,2.6349,3437.22
2021-01-01 12:59:00,2.6349,2.6355,2.6348,2.6353,2277.75
2021-01-01 13:00:00,2.6353,2.6391,2.6353,2.6375,5985.6
2021-01-01 13:01:00,2.6375,2.6385,2.6362,2.6376,863.94
2021-01-01 13:02:00,2.6362,2.6369,2.6356,2.6356,1319.35
2021-01-01 13:03:00,2.6356,2.6367,2.6356,2.6364,1964.42
2021-01-01 13:04:00,2.6365,2.6365,2.6358,2.6358,53.05
2021-01-01 13:05:00,2.6357,2.6357,2.6339,2.6339,168.52
2021-01-01 13:06:00,2.6348,2.637,2.6348,2.6368,2151.14
2021-01-01 13:07:00,2.6359,2.6399,2.6344,2.6392,4629.59
2021-01-01 13:08:00,2.6396,2.6465,2.6396,2.6436,6394.04
2021-01-01 13:09:00,2.6432,2.6433,2.6414,2.6415,5331.8
2021-01-01 13:10:00,2.6415,2.6425,2.637,2.637,1549.99
2021-01-01 13:11:00,2.6382,2.6395,2.6381,2.6386,3906.52
2021-01-01 13:12:00,2.6385,2.6386,2.6377,2.6377,2375.5
2021-01-01 13:13:00,2.6377,2.6379,2.637,2.6377,2244.95
2021-01-01 13:14:00,2.6371,2.6379,2.6359,2.6359,10203.99
2021-01-01 13:15:00,2.6359,2.637,2.6348,2.6368,6484.94
2021-01-01 13:16:00,2.638,2.6431,2.6379,2.6428,6899.01
2021-01-01 13:17:00,2.6428,2.6473,2.6417,2.6459,5464.33
2021-01-01 13:18:00,2.6461,2.6463,2.6441,2.6444,10267.79
2021-01-01 13:19:00,2.6438,2.648,2.6436,2.647,4142.98
2021-01-01 13:20:00,2.6471,2.6493,2.6468,2.6473,5836.01
2021-01-01 13:21:00,2.6481,2.6539,2.6477,2.6526,33717.62
2021-01-01 13:22:00,2.6533,2.6563,2.6526,2.655,16334.84
2021-01-01 13:23:00,2.6552,2.6558,2.6521,2.6521,30986.38
2021-01-01 13:24:00,2.6524,2.6542,2.6508,2.6523,3459.71
2021-01-01 13:25:00,2.6516,2.6554,2.6495,2.6554,23409.33
2021-01-01 13:26:00,2.6554,2.6608,2.6554,2.6569,19712.53
2021-01-01 13:27:00,2.6574,2.6619,2.6574,2.6596,5903.3
2021-01-01 13:28:00,2.6596,2.6634,2.6595,2.6634,8647.91
2021-01-01 13:29:00,2.6632,2.6672,2.663,2.6643,15700.73
2021-01-01 13:30:00,2.6648,2.6693,2.6619,2.6638,24952.55
2021-01-01 13:31:00,2.6639,2.6648,2.6521,2.6538,11616.37
2021-01-01 13:32:00,2.6538,2.6579,2.6521,2.6578,14639.28
2021-01-01 13:33:00,2.6574,2.6603,2.6518,2.6518,60313.55
2021-01-01 13:34:00,2.6515,2.6547,2.6468,2.6482,34852.62
2021-01-01 13:35:00,2.6484,2.6518,2.6467,2.6503,14750.92
2021-01-01 13:36:00,2.65,2.6503,2.6456,2.6456,3370.28
2021-01-01 13:37:00,2.6455,2.6461,2.6423,2.6454,14910.03
2021-01-01 13:38:00,2.6454,2.6454,2.6424,2.6433,14158.51
2021-01-01 13:39:00,2.6437,2.6442,2.6418,2.6429,28003.01
2021-01-01 13:40:00,2.6434,2.6444,2.6386,2.6386,11693.06
2021-01-01 13:41:00,2.6389,2.6405,2.635,2.6365,8062.64
2021-01-01 13:42:00,2.635,2.6421,2.63,2.6421,26740.88
2021-01-01 13:43:00,2.6421,2.6433,2.6384,2.6401,9003.13
2021-01-01 13:44:00,2.6392,2.6392,2.6339,2.637,12775.1
2021-01-01 13:45:00,2.6369,2.6394,2.6365,2.6381,11700.94
2021-01-01 13:46:00,2.6382,2.6418,2.6382,2.6403,2584.86
2021-01-01 13:47:00,2.6411,2.6435,2.6411,2.6435,1001.25
2021-01-01 13:48:00,2.6435,2.6473,2.6424,2.6473,5570.54
2021-01-01 13:49:00,2.6467,2.6474,2.6421,2.6423,3581.49
2021-01-01 13:50:00,2.6438,2.6438,2.6412,2.6412,1705.96
2021-01-01 13:51:00,2.6418,2.6418,2.6381,2.6381,5471.13
2021-01-01 13:52:00,2.638,2.638,2.6377,2.6378,250.84
2021-01-01 13:53:00,2.6376,2.6392,2.6373,2.6377,6480.33
2021-01-01 13:54:00,2.6375,2.6376,2.6355,2.6355,5916.12
2021-01-01 13:55:00,2.6343,2.6343,2.6315,2.6323,6450.65
2021-01-01 13:56:00,2.6321,2.6331,2.63,2.6302,4869.0
2021-01-01 13:57:00,2.63,2.6349,2.6294,2.6349,2541.16
2021-01-01 13:58:00,2.6348,2.6399,2.6348,2.6398,3847.06
2021-01-01 13:59:00,2.6385,2.6386,2.6373,2.6386,1427.22
2021-01-01 14:00:00,2.639,2.64,2.6376,2.6382,4257.02
2021-01-01 14:01:00,2.6396,2.6397,2.6349,2.6349,3166.38
2021-01-01 14:02:00,2.6348,2.6358,2.6335,2.6348,11384.97
2021-01-01 14:03:00,2.6341,2.6341,2.6328,2.6334,1407.62
2021-01-01 14:04:00,2.6326,2.6353,2.6326,2.6347,6274.74
2021-01-01 14:05:00,2.6345,2.6349,2.634,2.634,516.37
2021-01-01 14:06:00,2.6341,2.6357,2.6341,2.6356,5543.06
2021-01-01 14:07:00,2.6356,2.6356,2.6344,2.6348,3019.8
2021-01-01 14:08:00,2.6348,2.6348,2.6323,2.6331,1993.89
2021-01-01 14:09:00,2.6332,2.6334,2.6287,2.6296,16020.36
2021-01-01 14:10:00,2.6286,2.6296,2.6276,2.628,7539.39
2021-01-01 14:11:00,2.6282,2.6284,2.6261,2.6279,3939.72
2021-01-01 14:12:00,2.6297,2.6301,2.6271,2.6271,11610.97
2021-01-01 14:13:00,2.6273,2.6277,2.6265,2.6273,4548.97
2021-01-01 14:14:00,2.6273,2.6316,2.6273,2.6316,8123.48
2021-01-01 14:15:00,2.6324,2.6326,2.6312,2.6326,1719.07
2021-01-01 14:16:00,2.6322,2.6323,2.6289,2.6308,8004.88
2021-01-01 14:17:00,2.6302,2.6303,2.6289,2.6301,4503.6
2021-01-01 14:18:00,2.6298,2.6298,2.6289,2.6292,364.03
2021-01-01 14:19:00,2.6301,2.6311,2.6301,2.6309,2584.79
2021-01-01 14:20:00,2.6309,2.6309,2.6286,2.6286,3730.26
2021-01-01 14:21:00,2.6287,2.6301,2.6285,2.6294,3950.88
2021-01-01 14:22:00,2.63,2.6322,2.63,2.6315,4031.76
2021-01-01 14:23:00,2.6322,2.6333,2.6318,2.6323,3554.85
2021-01-01 14:24:00,2.6319,2.6325,2.6299,2.6304,2598.29
2021-01-01 14:25:00,2.6306,2.6318,2.6306,2.6312,159.22
2021-01-01 14:26:00,2.6316,2.6316,2.6316,2.6316,140.0
2021-01-01 14:27:00,2.6314,2.6314,2.6287,2.629,608.91
2021-01-01 14:28:00,2.629,2.6325,2.6285,2.6325,4303.83
2021-01-01 14:29:00,2.6324,2.6324,2.6299,2.6313,3135.57
2021-01-01 14:30:00,2.6305,2.632,2.6298,2.6316,1318.11
2021-01-01 14:31:00,2.6321,2.6356,2.6321,2.6351,22180.1
2021-01-01 14:32:00,2.6351,2.6351,2.631,2.6312,5354.21
2021-01-01 14:33:00,2.6313,2.6313,2.6263,2.6263,2271.22
2021-01-01 14:34:00,2.6263,2.6282,2.6263,2.6282,4120.81
2021-01-01 14:35:00,2.6284,2.6284,2.6256,2.6259,4010.61
2021-01-01 14:36:00,2.6257,2.6259,2.6251,2.6252,1142.97
2021-01-01 14:37:00,2.6251,2.6259,2.625,2.6256,899.89
2021-01-01 14:38:00,2.6258,2.6259,2.6253,2.6259,292.11
2021-01-01 14:39:00,2.6259,2.6259,2.6256,2.6256,99.85
2021-01-01 14:40:00,2.6253,2.6253,2.6243,2.6247,4629.59
2021-01-01 14:41:00,2.6245,2.6245,2.6204,2.6233,11611.08
2021-01-01 14:42:00,2.6233,2.6258,2.6233,2.6258,3125.69
2021-01-01 14:43:00,2.6254,2.6268,2.625,2.6262,3262.31
2021-01-01 14:44:00,2.6262,2.6268,2.6258,2.6258,181.43
2021-01-01 14:45:00,2.6262,2.6274,2.6262,2.6274,253.74
2021-01-01 14:46:00,2.6276,2.629,2.6276,2.6281,296.91
2021-01-01 14:47:00,2.6278,2.6285,2.6276,2.6285,473.43
2021-01-01 14:48:00,2.6285,2.6306,2.6285,2.6306,2304.15
2021-01-01 14:49:00,2.6304,2.6304,2.6295,2.6295,2333.46
2021-01-01 14:50:00,2.6296,2.6296,2.6257,2.6257,5488.16
2021-01-01 14:51:00,2.6262,2.6262,2.6229,2.6239,1506.69
2021-01-01 14:52:00,2.6238,2.6239,2.6236,2.6236,101.08
2021-01-01 14:53:00,2.6239,2.6249,2.6223,2.6233,23468.62
2021-01-01 14:54:00,2.6233,2.6243,2.6232,2.6243,9543.89
2021-01-01 14:55:00,2.6251,2.6254,2.6245,2.6254,431.27
2021-01-01 14:56:00,2.6253,2.6262,2.6241,2.6241,26117.44
2021-01-01 14:57:00,2.6245,2.6277,2.6245,2.6272,5187.3
2021-01-01 14:58:00,2.6273,2.6277,2.6273,2.6277,1278.93
2021-01-01 14:59:00,2.6276,2.6284,2.6275,2.6277,479.04
2021-01-01 15:00:00,2.629,2.63,2.629,2.6292,1395.58
2021-01-01 15:01:00,2.6294,2.6308,2.6293,2.6308,1562.36
2021-01-01 15:02:00,2.6308,2.6308,2.6304,2.6307,460.54
2021-01-01 15:03:00,2.6305,2.6321,2.6305,2.632,7549.29
2021-01-01 15:04:00,2.6322,2.6324,2.6312,2.6324,5646.94
2021-01-01 15:05:00,2.6326,2.6353,2.6322,2.6336,4317.67
2021-01-01 15:06:00,2.6337,2.6338,2.6319,2.632,4937.02
2021-01-01 15:07:00,2.6324,2.6324,2.6304,2.6307,3937.58
2021-01-01 15:08:00,2.6317,2.6319,2.6297,2.63,849.59
2021-01-01 15:09:00,2.6297,2.6362,2.6297,2.6335,32066.91
2021-01-01 15:10:00,2.6347,2.6362,2.6318,2.6318,7374.15
2021-01-01 15:11:00,2.6323,2.6351,2.6302,2.6302,4405.75
2021-01-01 15:12:00,2.6303,2.6351,2.6303,2.6346,7532.09
2021-01-01 15:13:00,2.6356,2.6364,2.6317,2.6324,4275.09
2021-01-01 15:14:00,2.6336,2.6338,2.6324,2.6329,569.96
2021-01-01 15:15:00,2.6344,2.6352,2.6328,2.6328,1509.43
2021-01-01 15:16:00,2.6332,2.6344,2.6329,2.6341,2888.1
2021-01-01 15:17:00,2.6343,2.6351,2.6334,2.6338,2999.32
2021-01-01 15:18:00,2.6341,2.6353,2.6341,2.6353,1084.69
2021-01-01 15:19:00,2.6352,2.6352,2.6311,2.6316,15228.62
2021-01-01 15:20:00,2.6325,2.6349,2.6311,2.6311,7515.17
2021-01-01 15:21:00,2.631,2.631,2.6291,2.6291,2189.65
2021-01-01 15:22:00,2.6288,2.6297,2.6246,2.6248,4123.59
2021-01-01 15:23:00,2.6246,2.6247,2.6187,2.6219,24002.56
2021-01-01 15:24:00,2.622,2.6269,2.622,2.6259,7957.89
2021-01-01 15:25:00,2.6263,2.6267,2.6199,2.6232,6707.53
2021-01-01 15:26:00,2.624,2.624,2.6197,2.621,1755.7
2021-01-01 15:27:00,2.6212,2.6218,2.6198,2.6209,1209.57
2021-01-01 15:28:00,2.6208,2.6208,2.6192,2.6205,1165.82
2021-01-01 15:29:00,2.62,2.6207,2.6188,2.6194,4799.99
2021-01-01 15:30:00,2.6199,2.6218,2.6199,2.6213,2205.53
2021-01-01 15:31:00,2.621,2.6216,2.6191,2.6198,3378.5
2021-01-01 15:32:00,2.6192,2.6192,2.6153,2.6156,9630.65
2021-01-01 15:33:00,2.6151,2.6156,2.6118,2.613,4544.47
2021-01-01 15:34:00,2.6125,2.6159,2.6119,2.6159,9620.11
2021-01-01 15:35:00,2.6169,2.6189,2.6169,2.6182,2205.96
2021-01-01 15:36:00,2.6189,2.619,2.6186,2.6186,120.62
2021-01-01 15:37:00,2.6188,2.6188,2.6168,2.6177,5402.28
2021-01-01 15:38:00,2.6167,2.6168,2.6156,2.6165,918.77
2021-01-01 15:39:00,2.6166,2.6166,2.616,2.6163,1077.56
2021-01-01 15:40:00,2.6166,2.6195,2.6166,2.6175,4129.63
2021-01-01 15:41:00,2.6171,2.6174,2.6159,2.6163,789.58
2021-01-01 15:42:00,2.616,2.6166,2.6144,2.6161,9135.5
2021-01-01 15:43:00,2.6158,2.6158,2.6137,2.6154,540.27
2021-01-01 15:44:00,2.6162,2.6193,2.6162,2.6184,3215.79
2021-01-01 15:45:00,2.6184,2.6184,2.6184,2.6184,0.0
2021-01-01 15:46:00,2.619,2.6192,2.6185,2.6187,102.22
2021-01-01 15:47:00,2.6177,2.6177,2.6177,2.6177,43.95
2021-01-01 15:48:00,2.6177,2.6177,2.6177,2.6177,0.0
2021-01-01 15:49:00,2.6183,2.6183,2.6163,2.6163,96.63
2021-01-01 15:50:00,2.6163,2.6168,2.6155,2.6155,955.92
2021-01-01 15:51:00,2.6163,2.6164,2.6163,2.6164,249.82
2021-01-01 15:52:00,2.6172,2.6192,2.6171,2.6192,2484.97
2021-01-01 15:53:00,2.6192,2.6216,2.6192,2.6216,5686.9
2021-01-01 15:54:00,2.6213,2.6214,2.617,2.6176,10496.46
2021-01-01 15:55:00,2.6175,2.6175,2.6168,2.6171,183.54
2021-01-01 15:56:00,2.617,2.6177,2.617,2.6171,76.63
2021-01-01 15:57:00,2.6176,2.6197,2.6176,2.6197,1858.83
2021-01-01 15:58:00,2.62,2.6218,2.62,2.6218,641.24
2021-01-01 15:59:00,2.6212,2.6214,2.6211,2.6214,266.78
2021-01-01 16:00:00,2.6227,2.6242,2.6215,2.623,1442.84
2021-01-01 16:01:00,2.623,2.623,2.6215,2.622,1085.81
2021-01-01 16:02:00,2.622,2.6227,2.622,2.6224,273.01
2021-01-01 16:03:00,2.6228,2.6228,2.6218,2.6218,170.63
2021-01-01 16:04:00,2.6219,2.6226,2.6218,2.6223,1514.73
2021-01-01 16:05:00,2.6221,2.6221,2.6195,2.6195,1209.95
2021-01-01 16:06:00,2.6191,2.6191,2.6174,2.618,2193.1
2021-01-01 16:07:00,2.6187,2.619,2.6164,2.6173,3795.52
2021-01-01 16:08:00,2.6178,2.6179,2.6101,2.6143,25054.72
2021-01-01 16:09:00,2.615,2.6151,2.6113,2.6128,2760.37
2021-01-01 16:10:00,2.612,2.612,2.5962,2.6033,48860.12
2021-01-01 16:11:00,2.603,2.6084,2.6025,2.6073,10870.7
2021-01-01 16:12:00,2.6073,2.6097,2.6043,2.6049,5638.61
2021-01-01 16:13:00,2.6053,2.6075,2.6053,2.6075,3397.0
2021-01-01 16:14:00,2.6079,2.6085,2.6014,2.6055,5787.57
2021-01-01 16:15:00,2.6055,2.6079,2.6048,2.6074,2612.98
2021-01-01 16:16:00,2.6073,2.6089,2.6059,2.6067,5235.77
2021-01-01 16:17:00,2.6067,2.6155,2.6067,2.6154,9467.74
2021-01-01 16:18:00,2.6152,2.6181,2.6152,2.617,3822.89
2021-01-01 16:19:00,2.6176,2.6188,2.6146,2.6184,4604.15
2021-01-01 16:20:00,2.6185,2.6187,2.6151,2.6171,3484.16
2021-01-01 16:21:00,2.6163,2.6164,2.614,2.6144,2049.26
2021-01-01 16:22:00,2.6141,2.6143,2.6137,2.6139,606.9
2021-01-01 16:23:00,2.6137,2.6163,2.6136,2.616,3907.32
2021-01-01 16:24:00,2.6161,2.6198,2.6161,2.6182,2608.4
2021-01-01 16:25:00,2.6177,2.6195,2.6168,2.6195,1233.24
2021-01-01 16:26:00,2.6189,2.6196,2.6183,2.6183,1522.03
2021-01-01 16:27:00,2.6175,2.6175,2.6129,2.6129,15083.72
2021-01-01 16:28:00,2.613,2.6173,2.6119,2.6167,5454.11
2021-01-01 16:29:00,2.6165,2.6165,2.6117,2.6125,2471.44
2021-01-01 16:30:00,2.6123,2.6125,2.611,2.6122,613.51
2021-01-01 16:31:00,2.6123,2.6133,2.6121,2.6133,1837.31
2021-01-01 16:32:00,2.6134,2.6165,2.6129,2.6163,1302.9
2021-01-01 16:33:00,2.6168,2.6186,2.6163,2.6183,3563.07
2021-01-01 16:34:00,2.618,2.6181,2.617,2.6173,817.71
2021-01-01 16:35:00,2.617,2.6173,2.6167,2.6171,4675.89
2021-01-01 16:36:00,2.6171,2.6177,2.6149,2.6177,6104.09
2021-01-01 16:37:00,2.6176,2.618,2.6152,2.618,3537.4
2021-01-01 16:38:00,2.6177,2.6191,2.6177,2.619,1980.45
2021-01-01 16:39:00,2.619,2.619,2.6166,2.6176,4624.2
2021-01-01 16:40:00,2.6174,2.6176,2.6155,2.6173,5227.03
2021-01-01 16:41:00,2.6173,2.6174,2.6162,2.6162,699.89
2021-01-01 16:42:00,2.6173,2.6211,2.6173,2.62,7346.6
2021-01-01 16:43:00,2.62,2.6208,2.6194,2.6196,1984.43
2021-01-01 16:44:00,2.6198,2.6205,2.6194,2.6204,3530.36
2021-01-01 16:45:00,2.6204,2.6215,2.62,2.6209,3685.28
2021-01-01 16:46:00,2.6203,2.621,2.62,2.621,224.07
2021-01-01 16:47:00,2.6207,2.6208,2.6175,2.6175,4980.38
2021-01-01 16:48:00,2.6174,2.618,2.6146,2.6146,1031.79
2021-01-01 16:49:00,2.6146,2.616,2.614,2.6151,6102.92
2021-01-01 16:50:00,2.6157,2.6202,2.6148,2.6188,6610.06
2021-01-01 16:51:00,2.6202,2.6202,2.6172,2.6181,6314.58
2021-01-01 16:52:00,2.6179,2.6196,2.6174,2.6196,7390.72
2021-01-01 16:53:00,2.6195,2.6195,2.6186,2.6189,294.5
2021-01-01 16:54:00,2.6183,2.6191,2.6182,2.6191,1035.4
2021-01-01 16:55:00,2.6195,2.6222,2.6192,2.6202,16142.92
2021-01-01 16:56:00,2.6201,2.6218,2.6201,2.6208,15401.67
2021-01-01 16:57:00,2.6209,2.6223,2.6204,2.6222,1950.31
2021-01-01 16:58:00,2.6222,2.6224,2.6218,2.6219,740.16
2021-01-01 16:59:00,2.6218,2.6218,2.62,2.62,1530.71
2021-01-01 17:00:00,2.6208,2.6223,2.6202,2.6223,2223.76
2021-01-01 17:01:00,2.6224,2.6251,2.6223,2.625,6628.32
2021-01-01 17:02:00,2.6253,2.6262,2.6245,2.6259,1616.3
2021-01-01 17:03:00,2.6262,2.6264,2.6253,2.6263,1050.07
2021-01-01 17:04:00,2.626,2.626,2.621,2.621,2508.94
2021-01-01 17:05:00,2.6224,2.6248,2.6206,2.6248,8002.91
2021-01-01 17:06:00,2.624,2.6257,2.6233,2.6234,5504.67
2021-01-01 17:07:00,2.6233,2.6238,2.6216,2.6216,3696.17
2021-01-01 17:08:00,2.6237,2.6244,2.6212,2.6212,807.34
2021-01-01 17:09:00,2.6211,2.624,2.6211,2.6226,3856.61
2021-01-01 17:10:00,2.6233,2.6255,2.6232,2.6244,5443.16
2021-01-01 17:11:00,2.6246,2.6246,2.6217,2.6217,1392.33
2021-01-01 17:12:00,2.6219,2.622,2.6193,2.6193,3438.4
2021-01-01 17:13:00,2.6203,2.6209,2.6192,2.6198,1130.88
2021-01-01 17:14:00,2.6196,2.6196,2.6137,2.6171,14337.49
2021-01-01 17:15:00,2.6174,2.6174,2.6095,2.6121,10220.14
2021-01-01 17:16:00,2.6119,2.6119,2.606,2.6067,19333.3
2021-01-01 17:17:00,2.6061,2.614,2.6061,2.6137,14902.28
2021-01-01 17:18:00,2.6133,2.6133,2.6108,2.6108,2339.78
2021-01-01 17:19:00,2.6111,2.6115,2.6042,2.6042,8799.32
2021-01-01 17:20:00,2.6041,2.6109,2.5978,2.5978,36294.27
2021-01-01 17:21:00,2.5979,2.5981,2.5831,2.5831,97678.61
2021-01-01 17:22:00,2.583,2.5943,2.5784,2.585,95497.02
2021-01-01 17:23:00,2.5846,2.5927,2.5828,2.5927,55678.63
2021-01-01 17:24:00,2.5912,2.5963,2.5881,2.5948,11513.28
2021-01-01 17:25:00,2.5946,2.5974,2.5881,2.5883,7657.51
2021-01-01 17:26:00,2.5889,2.5972,2.5873,2.5959,26825.77
2021-01-01 17:27:00,2.5961,2.5969,2.5921,2.5969,14625.14
2021-01-01 17:28:00,2.5971,2.5979,2.5957,2.5958,6201.04
2021-01-01 17:29:00,2.5959,2.5972,2.5945,2.597,12502.13
2021-01-01 17:30:00,2.597,2.5998,2.597,2.5998,1982.51
2021-01-01 17:31:00,2.5999,2.6046,2.5993,2.6046,10900.56
2021-01-01 17:32:00,2.6045,2.6063,2.604,2.6049,17855.02
2021-01-01 17:33:00,2.6049,2.6095,2.6047,2.6095,5233.13
2021-01-01 17:34:00,2.6096,2.6116,2.6092,2.6107,13357.03
2021-01-01 17:35:00,2.6103,2.6103,2.6078,2.6087,2311.77
2021-01-01 17:36:00,2.6093,2.6095,2.6061,2.6082,4400.58
2021-01-01 17:37:00,2.6083,2.6098,2.6059,2.6067,8281.64
2021-01-01 17:38:00,2.607,2.6077,2.6055,2.6077,6489.46
2021-01-01 17:39:00,2.6075,2.6083,2.6064,2.6075,5667.42
2021-01-01 17:40:00,2.6083,2.6083,2.6064,2.6072,4597.27
2021-01-01 17:41:00,2.6066,2.6066,2.6027,2.6037,5992.8
2021-01-01 17:42:00,2.6039,2.6041,2.5993,2.6,7141.06
2021-01-01 17:43:00,2.6001,2.6007,2.5915,2.5915,13382.51
2021-01-01 17:44:00,2.5914,2.597,2.5914,2.593,9721.82
2021-01-01 17:45:00,2.5932,2.5933,2.5876,2.589,28938.46
2021-01-01 17:46:00,2.589,2.5986,2.5878,2.5986,8159.38
2021-01-01 17:47:00,2.5986,2.6009,2.5976,2.5986,5955.02
2021-01-01 17:48:00,2.599,2.6021,2.5975,2.6019,5040.39
2021-01-01 17:49:00,2.6017,2.6018,2.5982,2.6018,21573.27
2021-01-01 17:50:00,2.6018,2.6041,2.6017,2.6041,8127.28
2021-01-01 17:51:00,2.604,2.605,2.6035,2.6048,2614.71
2021-01-01 17:52:00,2.6044,2.6059,2.6036,2.6057,6957.92
2021-01-01 17:53:00,2.6057,2.6064,2.6056,2.6061,570.53
2021-01-01 17:54:00,2.6054,2.6054,2.6051,2.6051,52.71
2021-01-01 17:55:00,2.6054,2.6107,2.6054,2.6107,7204.2
2021-01-01 17:56:00,2.6108,2.6111,2.6068,2.6068,2206.96
2021-01-01 17:57:00,2.6066,2.6071,2.6063,2.6063,1994.39
2021-01-01 17:58:00,2.6066,2.6066,2.6015,2.6021,4132.55
2021-01-01 17:59:00,2.6026,2.6026,2.5975,2.5975,4409.72
2021-01-01 18:00:00,2.5976,2.6017,2.596,2.6,12414.72
2021-01-01 18:01:00,2.6001,2.6022,2.5993,2.6016,1335.06
2021-01-01 18:02:00,2.602,2.606,2.6014,2.6049,13111.58
2021-01-01 18:03:00,2.6053,2.6063,2.6046,2.6063,1497.75
2021-01-01 18:04:00,2.606,2.607,2.6031,2.607,2368.77
2021-01-01 18:05:00,2.6079,2.6079,2.6066,2.6067,5256.06
2021-01-01 18:06:00,2.6067,2.6078,2.6064,2.6074,407.01
2021-01-01 18:07:00,2.608,2.6081,2.6071,2.6071,1689.7
2021-01-01 18:08:00,2.607,2.6096,2.607,2.6092,2750.33
2021-01-01 18:09:00,2.6093,2.6097,2.6087,2.6088,3729.54
2021-01-01 18:10:00,2.6087,2.6089,2.6084,2.6087,661.78
2021-01-01 18:11:00,2.6084,2.6084,2.6047,2.6047,12345.46
2021-01-01 18:12:00,2.6054,2.6107,2.6054,2.6107,6003.18
2021-01-01 18:13:00,2.6111,2.6116,2.6106,2.6107,2337.46
2021-01-01 18:14:00,2.6111,2.6116,2.6089,2.6089,2652.16
2021-01-01 18:15:00,2.6094,2.6108,2.609,2.6092,3432.25
2021-01-01 18:16:00,2.6092,2.6095,2.6079,2.608,2539.44
2021-01-01 18:17:00,2.6079,2.609,2.6061,2.6061,5541.34
2021-01-01 18:18:00,2.6064,2.6066,2.6041,2.6051,2023.54
2021-01-01 18:19:00,2.6055,2.6062,2.605,2.6057,2475.92
2021-01-01 18:20:00,2.606,2.6116,2.606,2.6108,12902.13
2021-01-01 18:21:00,2.6108,2.6125,2.6107,2.6111,1903.49
2021-01-01 18:22:00,2.611,2.6123,2.6106,2.6123,1059.92
2021-01-01 18:23:00,2.6114,2.6124,2.6109,2.6114,7692.53
2021-01-01 18:24:00,2.6113,2.6122,2.6111,2.6113,706.47
2021-01-01 18:25:00,2.6121,2.6144,2.6119,2.6144,4982.2
2021-01-01 18:26:00,2.6147,2.615,2.6136,2.6136,8013.77
2021-01-01 18:27:00,2.6136,2.6166,2.6136,2.6162,5356.07
2021-01-01 18:28:00,2.6157,2.6159,2.6146,2.6151,1613.87
2021-01-01 18:29:00,2.6149,2.6154,2.6132,2.6138,3991.79
2021-01-01 18:30:00,2.6134,2.6139,2.6119,2.6129,2432.19
2021-01-01 18:31:00,2.6136,2.615,2.6119,2.6147,3847.44
2021-01-01 18:32:00,2.6146,2.6154,2.6122,2.6122,3050.16
2021-01-01 18:33:00,2.6117,2.6117,2.6114,2.6114,856.58
2021-01-01 18:34:00,2.6105,2.6114,2.6073,2.6114,5570.48
2021-01-01 18:35:00,2.6117,2.6136,2.6104,2.6115,13413.93
2021-01-01 18:36:00,2.6115,2.6116,2.6098,2.6102,3932.57
2021-01-01 18:37:00,2.6102,2.6115,2.6101,2.6107,630.68
2021-01-01 18:38:00,2.6107,2.6107,2.6084,2.6096,5340.1
2021-01-01 18:39:00,2.6101,2.6101,2.6031,2.6032,14648.05
2021-01-01 18:40:00,2.603,2.6035,2.6017,2.6035,6342.22
2021-01-01 18:41:00,2.6036,2.6062,2.6034,2.6049,4887.57
2021-01-01 18:42:00,2.6049,2.6057,2.6027,2.6038,4575.82
2021-01-01 18:43:00,2.6038,2.6107,2.6035,2.6107,16814.2
2021-01-01 18:44:00,2.6106,2.6106,2.6081,2.6093,3421.41
2021-01-01 18:45:00,2.6092,2.6112,2.6091,2.6111,1408.77
2021-01-01 18:46:00,2.6121,2.6122,2.611,2.6114,2126.26
2021-01-01 18:47:00,2.6119,2.6151,2.6118,2.6148,4467.17
2021-01-01 18:48:00,2.6148,2.6158,2.6141,2.6154,4988.67
2021-01-01 18:49:00,2.615,2.615,2.613,2.6138,2447.22
2021-01-01 18:50:00,2.6144,2.6144,2.6132,2.6142,1356.2
2021-01-01 18:51:00,2.6138,2.6151,2.6132,2.6133,3345.38
2021-01-01 18:52:00,2.6132,2.6136,2.6129,2.6129,531.83
2021-01-01 18:53:00,2.6127,2.613,2.6118,2.6118,5208.41
2021-01-01 18:54:00,2.6107,2.6114,2.6106,2.6109,2082.1
2021-01-01 18:55:00,2.6109,2.6125,2.6109,2.6121,3757.29
2021-01-01 18:56:00,2.6121,2.6121,2.6093,2.6093,10376.72
2021-01-01 18:57:00,2.6099,2.6111,2.6091,2.61,3746.91
2021-01-01 18:58:00,2.6105,2.6108,2.6097,2.6098,1713.83
2021-01-01 18:59:00,2.6097,2.6105,2.6092,2.6098,2074.45
2021-01-01 19:00:00,2.61,2.6103,2.6087,2.6091,5022.85
2021-01-01 19:01:00,2.6091,2.6114,2.609,2.6108,9900.2
2021-01-01 19:02:00,2.6109,2.6165,2.6109,2.6165,3878.85
2021-01-01 19:03:00,2.6162,2.62,2.6162,2.62,3540.95
2021-01-01 19:04:00,2.62,2.6252,2.619,2.6243,24435.91
2021-01-01 19:05:00,2.6246,2.6246,2.6181,2.6186,5749.18
2021-01-01 19:06:00,2.6182,2.6189,2.6166,2.6189,3782.17
2021-01-01 19:07:00,2.619,2.619,2.6177,2.6177,1927.76
2021-01-01 19:08:00,2.6177,2.6185,2.617,2.6172,7250.51
2021-01-01 19:09:00,2.6188,2.6228,2.6188,2.6221,5583.72
2021-01-01 19:10:00,2.6226,2.6258,2.6226,2.6245,13968.51
2021-01-01 19:11:00,2.623,2.623,2.6171,2.6206,11989.29
2021-01-01 19:12:00,2.6205,2.6207,2.6188,2.6189,3771.71
2021-01-01 19:13:00,2.6189,2.6189,2.6127,2.6173,15293.74
2021-01-01 19:14:00,2.6173,2.6194,2.6145,2.6152,19480.54
2021-01-01 19:15:00,2.6148,2.6156,2.6128,2.6132,16531.03
2021-01-01 19:16:00,2.613,2.6146,2.6129,2.6134,4470.65
2021-01-01 19:17:00,2.613,2.616,2.613,2.6146,8867.03
2021-01-01 19:18:00,2.6149,2.618,2.6143,2.6178,13751.1
2021-01-01 19:19:00,2.6177,2.6237,2.6173,2.6237,10073.12
2021-01-01 19:20:00,2.6229,2.6229,2.6181,2.6181,6423.59
2021-01-01 19:21:00,2.618,2.6181,2.6139,2.6139,16385.77
2021-01-01 19:22:00,2.6137,2.6175,2.6123,2.6174,6535.32
2021-01-01 19:23:00,2.6174,2.6196,2.6159,2.6184,4500.19
2021-01-01 19:24:00,2.6189,2.6194,2.6171,2.6173,2363.15
2021-01-01 19:25:00,2.6174,2.6194,2.6174,2.6183,5441.75
2021-01-01 19:26:00,2.6184,2.6186,2.6166,2.6181,2430.76
2021-01-01 19:27:00,2.6172,2.6182,2.6172,2.6182,862.89
2021-01-01 19:28:00,2.6192,2.6257,2.6192,2.6242,21357.54
2021-01-01 19:29:00,2.6244,2.6268,2.6235,2.6252,9792.45
2021-01-01 19:30:00,2.6243,2.627,2.6243,2.627,1926.15
2021-01-01 19:31:00,2.627,2.6273,2.6248,2.6248,6546.27
2021-01-01 19:32:00,2.6239,2.6256,2.6215,2.6217,8543.1
2021-01-01 19:33:00,2.6208,2.6208,2.6189,2.6197,2631.64
2021-01-01 19:34:00,2.6199,2.6199,2.6195,2.6198,1212.08
2021-01-01 19:35:00,2.6197,2.6216,2.6193,2.6215,4318.7
2021-01-01 19:36:00,2.6216,2.623,2.6208,2.6221,5194.06
2021-01-01 19:37:00,2.6212,2.6232,2.6212,2.6225,2303.05
2021-01-01 19:38:00,2.6227,2.6227,2.6213,2.6217,2173.68
2021-01-01 19:39:00,2.6222,2.6237,2.622,2.6231,1695.54
2021-01-01 19:40:00,2.6231,2.6243,2.6221,2.6238,7939.53
2021-01-01 19:41:00,2.6233,2.6239,2.6225,2.6239,2470.81
2021-01-01 19:42:00,2.6239,2.624,2.6208,2.6208,4026.3
2021-01-01 19:43:00,2.621,2.6218,2.621,2.6215,1632.66
2021-01-01 19:44:00,2.6214,2.6219,2.6214,2.6219,892.96
2021-01-01 19:45:00,2.6221,2.6233,2.6212,2.6212,4710.41
2021-01-01 19:46:00,2.6213,2.6226,2.6212,2.6221,1467.76
2021-01-01 19:47:00,2.6219,2.6222,2.6212,2.6219,3434.3
2021-01-01 19:48:00,2.6217,2.6223,2.62,2.6223,14015.35
2021-01-01 19:49:00,2.6224,2.63,2.6224,2.6288,26732.7
2021-01-01 19:50:00,2.6288,2.6319,2.6274,2.6291,9310.72
2021-01-01 19:51:00,2.6283,2.6301,2.6257,2.6265,9509.18
2021-01-01 19:52:00,2.6256,2.6258,2.6246,2.6256,2857.42
2021-01-01 19:53:00,2.6259,2.626,2.6255,2.6256,1071.85
2021-01-01 19:54:00,2.6256,2.6257,2.6225,2.6244,14039.67
2021-01-01 19:55:00,2.6244,2.6247,2.6222,2.6243,4336.88
2021-01-01 19:56:00,2.6239,2.6243,2.6229,2.6229,1582.06
2021-01-01 19:57:00,2.6236,2.6247,2.6232,2.6234,2995.21
2021-01-01 19:58:00,2.6237,2.6247,2.6236,2.6242,1731.56
2021-01-01 19:59:00,2.6242,2.6253,2.623,2.6253,8272.53
2021-01-01 20:00:00,2.6251,2.6265,2.6247,2.6254,4683.67
2021-01-01 20:01:00,2.6254,2.6292,2.6252,2.629,7958.01
2021-01-01 20:02:00,2.6281,2.6296,2.627,2.6284,5715.88
2021-01-01 20:03:00,2.6291,2.6301,2.6263,2.6267,6080.68
2021-01-01 20:04:00,2.6272,2.6275,2.6261,2.6262,25357.4
2021-01-01 20:05:00,2.6262,2.6299,2.6261,2.6293,16978.47
2021-01-01 20:06:00,2.6282,2.632,2.628,2.6312,16294.18
2021-01-01 20:07:00,2.6312,2.6319,2.6312,2.6312,50256.31
2021-01-01 20:08:00,2.6312,2.6336,2.6312,2.6336,11773.56
2021-01-01 20:09:00,2.6334,2.6334,2.6313,2.6322,7511.33
2021-01-01 20:10:00,2.6321,2.6328,2.6292,2.6308,42156.12
2021-01-01 20:11:00,2.6314,2.6345,2.6304,2.6318,15067.38
2021-01-01 20:12:00,2.6319,2.6338,2.6319,2.6334,14009.79
2021-01-01 20:13:00,2.6335,2.6367,2.6335,2.6367,6936.6
2021-01-01 20:14:00,2.6366,2.6492,2.636,2.648,68577.72
2021-01-01 20:15:00,2.648,2.6493,2.6402,2.6412,18293.16
2021-01-01 20:16:00,2.6412,2.6462,2.6408,2.6459,7841.11
2021-01-01 20:17:00,2.6458,2.6483,2.6458,2.6482,7096.63
2021-01-01 20:18:00,2.6482,2.6499,2.6469,2.6499,22567.45
2021-01-01 20:19:00,2.65,2.6555,2.65,2.6546,53782.64
2021-01-01 20:20:00,2.6552,2.6596,2.6552,2.6585,33807.29
2021-01-01 20:21:00,2.6576,2.6607,2.6531,2.6531,27841.3
2021-01-01 20:22:00,2.6531,2.6587,2.65,2.655,24672.84
2021-01-01 20:23:00,2.6557,2.6578,2.6555,2.6572,4595.38
2021-01-01 20:24:00,2.657,2.6617,2.6569,2.6598,31794.94
2021-01-01 20:25:00,2.6598,2.6598,2.6489,2.6507,24927.44
2021-01-01 20:26:00,2.6505,2.6507,2.6402,2.6413,24405.06
2021-01-01 20:27:00,2.6412,2.6486,2.6409,2.6482,9731.24
2021-01-01 20:28:00,2.6478,2.6478,2.6382,2.6382,16204.36
2021-01-01 20:29:00,2.6381,2.646,2.6381,2.646,17086.85
2021-01-01 20:30:00,2.6452,2.6486,2.6447,2.6456,7074.96
2021-01-01 20:31:00,2.646,2.646,2.6382,2.64,14338.92
2021-01-01 20:32:00,2.6398,2.64,2.6353,2.6379,18997.29
2021-01-01 20:33:00,2.6366,2.6415,2.6366,2.6382,7752.53
2021-01-01 20:34:00,2.6382,2.6399,2.6363,2.6399,6784.11
2021-01-01 20:35:00,2.6389,2.641,2.6388,2.6396,4184.61
2021-01-01 20:36:00,2.6386,2.6416,2.6352,2.638,4479.75
2021-01-01 20:37:00,2.6374,2.6398,2.6369,2.6398,1920.38
2021-01-01 20:38:00,2.6405,2.6405,2.6377,2.6377,3731.72
2021-01-01 20:39:00,2.6384,2.64,2.6384,2.64,1676.11
2021-01-01 20:40:00,2.6399,2.6403,2.6394,2.64,3293.35
2021-01-01 20:41:00,2.64,2.64,2.6371,2.6387,9452.63
2021-01-01 20:42:00,2.6392,2.6403,2.6385,2.64,5277.16
2021-01-01 20:43:00,2.6395,2.6398,2.6372,2.6377,6361.49
2021-01-01 20:44:00,2.6376,2.6376,2.6365,2.6373,2676.27
2021-01-01 20:45:00,2.6376,2.6422,2.6376,2.6401,8292.47
2021-01-01 20:46:00,2.6404,2.6414,2.6403,2.6414,884.92
2021-01-01 20:47:00,2.6413,2.6415,2.6397,2.6397,2436.82
2021-01-01 20:48:00,2.6397,2.6399,2.6367,2.6369,3681.51
2021-01-01 20:49:00,2.6369,2.6383,2.6369,2.6377,2599.78
2021-01-01 20:50:00,2.6376,2.6392,2.6376,2.6391,3614.95
2021-01-01 20:51:00,2.6394,2.6396,2.638,2.638,2590.03
2021-01-01 20:52:00,2.6383,2.6385,2.6375,2.6375,6649.56
2021-01-01 20:53:00,2.6375,2.6375,2.6363,2.6363,4079.18
2021-01-01 20:54:00,2.6362,2.6362,2.6342,2.6352,9957.85
2021-01-01 20:55:00,2.6351,2.6377,2.6351,2.6361,11971.43
2021-01-01 20:56:00,2.6358,2.638,2.6351,2.636,3703.49
2021-01-01 20:57:00,2.6356,2.6367,2.6356,2.6367,4287.11
2021-01-01 20:58:00,2.6365,2.6393,2.6365,2.6393,1083.9
2021-01-01 20:59:00,2.6393,2.6409,2.6393,2.6402,3704.28
2021-01-01 21:00:00,2.6401,2.6417,2.6391,2.6403,7939.15
2021-01-01 21:01:00,2.6405,2.6546,2.6404,2.6546,26459.38
2021-01-01 21:02:00,2.6541,2.6551,2.647,2.648,16620.42
2021-01-01 21:03:00,2.6471,2.6477,2.6423,2.6436,9142.11
2021-01-01 21:04:00,2.6423,2.6453,2.6417,2.644,11094.48
2021-01-01 21:05:00,2.6437,2.644,2.6359,2.639,13531.73
2021-01-01 21:06:00,2.6379,2.639,2.6332,2.6332,9677.48
2021-01-01 21:07:00,2.6341,2.6394,2.6341,2.6394,10897.57
2021-01-01 21:08:00,2.6391,2.6391,2.6374,2.6374,2469.59
2021-01-01 21:09:00,2.6376,2.6388,2.6364,2.6369,4460.31
2021-01-01 21:10:00,2.637,2.6391,2.637,2.6391,2932.49
2021-01-01 21:11:00,2.6391,2.648,2.6391,2.646,25356.43
2021-01-01 21:12:00,2.6454,2.6459,2.6423,2.6452,2862.55
2021-01-01 21:13:00,2.6446,2.648,2.6439,2.648,6380.19
2021-01-01 21:14:00,2.6478,2.6478,2.6424,2.6448,14130.87
2021-01-01 21:15:00,2.6434,2.6434,2.6398,2.6404,3667.97
2021-01-01 21:16:00,2.6401,2.6423,2.6381,2.6423,3116.09
2021-01-01 21:17:00,2.6426,2.644,2.6416,2.6439,2240.7
2021-01-01 21:18:00,2.6443,2.657,2.6436,2.6563,33564.84
2021-01-01 21:19:00,2.6562,2.6602,2.6517,2.6574,38267.93
2021-01-01 21:20:00,2.6586,2.6655,2.6586,2.6651,19346.99
2021-01-01 21:21:00,2.6647,2.6663,2.6576,2.6585,10574.47
2021-01-01 21:22:00,2.6583,2.6662,2.6562,2.6638,25090.43
2021-01-01 21:23:00,2.6636,2.6646,2.6589,2.6593,8297.47
2021-01-01 21:24:00,2.6594,2.6613,2.6592,2.6609,4628.55
2021-01-01 21:25:00,2.6605,2.6633,2.6596,2.6607,6535.94
2021-01-01 21:26:00,2.6605,2.6609,2.6575,2.6579,5845.56
2021-01-01 21:27:00,2.6577,2.664,2.6574,2.6635,11473.3
2021-01-01 21:28:00,2.6641,2.6648,2.6588,2.6606,8062.82
2021-01-01 21:29:00,2.6606,2.6647,2.6606,2.6619,5758.11
2021-01-01 21:30:00,2.6623,2.6662,2.6608,2.6612,7687.18
2021-01-01 21:31:00,2.6614,2.6621,2.6539,2.6572,38421.42
2021-01-01 21:32:00,2.6571,2.6603,2.6554,2.6577,9751.39
2021-01-01 21:33:00,2.6576,2.6578,2.6546,2.6564,10214.64
2021-01-01 21:34:00,2.6559,2.6569,2.6541,2.6569,3810.26
2021-01-01 21:35:00,2.6565,2.6588,2.6562,2.6581,13598.27
2021-01-01 21:36:00,2.6571,2.6581,2.6552,2.6553,3518.84
2021-01-01 21:37:00,2.6553,2.6561,2.6552,2.6555,1790.94
2021-01-01 21:38:00,2.6551,2.656,2.6534,2.6534,13401.99
2021-01-01 21:39:00,2.6535,2.6569,2.6535,2.6561,8643.46
2021-01-01 21:40:00,2.6562,2.6583,2.6543,2.6552,9556.65
2021-01-01 21:41:00,2.6545,2.6556,2.6463,2.6465,27141.62
2021-01-01 21:42:00,2.6462,2.6537,2.6462,2.6497,26477.82
2021-01-01 21:43:00,2.6505,2.6539,2.6445,2.6466,61375.18
2021-01-01 21:44:00,2.6455,2.6479,2.6444,2.6452,6823.14
2021-01-01 21:45:00,2.6453,2.6481,2.6452,2.6461,5138.02
2021-01-01 21:46:00,2.6463,2.6519,2.646,2.6508,14739.24
2021-01-01 21:47:00,2.6516,2.6518,2.6461,2.6477,8316.72
2021-01-01 21:48:00,2.6473,2.6544,2.6472,2.6504,38618.09
2021-01-01 21:49:00,2.6509,2.651,2.6421,2.6424,8523.67
2021-01-01 21:50:00,2.642,2.6434,2.6392,2.6401,11341.56
2021-01-01 21:51:00,2.6403,2.6403,2.6316,2.6317,44721.84
2021-01-01 21:52:00,2.6316,2.6332,2.6261,2.6282,66031.77
2021-01-01 21:53:00,2.6283,2.6327,2.6239,2.6288,16846.04
2021-01-01 21:54:00,2.6286,2.632,2.621,2.6257,32256.97
2021-01-01 21:55:00,2.6243,2.6304,2.6243,2.6254,11970.45
2021-01-01 21:56:00,2.6254,2.6301,2.6249,2.6285,4561.8
2021-01-01 21:57:00,2.6276,2.6302,2.6274,2.6277,5069.13
2021-01-01 21:58:00,2.628,2.6308,2.6253,2.6276,22392.71
2021-01-01 21:59:00,2.6278,2.6317,2.6278,2.6283,2289.45
2021-01-01 22:00:00,2.6283,2.6305,2.6283,2.6292,5829.37
2021-01-01 22:01:00,2.6295,2.6337,2.6295,2.632,7336.27
2021-01-01 22:02:00,2.632,2.6361,2.632,2.6342,4265.07
2021-01-01 22:03:00,2.6347,2.6353,2.6309,2.631,10677.23
2021-01-01 22:04:00,2.631,2.6317,2.6308,2.6308,1833.47
2021-01-01 22:05:00,2.6308,2.6344,2.6308,2.6333,4363.49
2021-01-01 22:06:00,2.6333,2.6376,2.6333,2.6372,4280.21
2021-01-01 22:07:00,2.6373,2.6396,2.6372,2.6393,1452.26
2021-01-01 22:08:00,2.6393,2.6444,2.6393,2.6406,4268.53
2021-01-01 22:09:00,2.6406,2.6428,2.64,2.6415,4059.82
2021-01-01 22:10:00,2.6416,2.6431,2.6403,2.6431,4907.42
2021-01-01 22:11:00,2.643,2.6454,2.6427,2.6446,6721.52
